DOY_365,Tmin_C_p10,Tmin_C_p50,Tmin_C_p90,Tmax_C_p10,Tmax_C_p50,Tmax_C_p90,Tavg_C_p10,Tavg_C_p50,Tavg_C_p90,PRCP_mm_p10,PRCP_mm_p50,PRCP_mm_p90,SNOW_mm_p10,SNOW_mm_p50,SNOW_mm_p90,SNWD_mm_p10,SNWD_mm_p50,SNWD_mm_p90
1,-6.7,2.2,5.6,1.1,9.4,16.7,-2.8,6.1499999999999995,11.149999999999999,0.0,0.0,11.2,0.0,0.0,0.0,0.0,0.0,0.0
2,-6.1,0.6,5.6,0.6,8.3,15.6,-2.2,5.0,8.6,0.0,0.0,8.6,0.0,0.0,0.0,0.0,0.0,0.0
3,-6.7,0.0,7.8,1.1,7.8,18.9,-2.5,3.8500000000000005,13.05,0.0,0.0,12.7,0.0,0.0,0.0,0.0,0.0,0.0
4,-6.1,-2.8,8.9,1.1,6.1,19.4,-3.05,2.2,14.7,0.0,0.0,2.5,0.0,0.0,0.0,0.0,0.0,0.0
5,-8.3,-1.0,7.8,0.6,6.1,17.2,-3.8500000000000005,3.6,10.55,0.0,0.0,4.1,0.0,0.0,0.0,0.0,0.0,0.0
6,-7.8,-1.1,6.1,1.1,5.6,15.6,-2.15,2.5,9.45,0.0,0.0,15.2,0.0,0.0,0.5,0.0,0.0,30.0
7,-8.3,-0.6,5.0,-2.7,5.6,15.0,-5.15,3.0500000000000003,11.1,0.0,0.0,5.8,0.0,0.0,0.0,0.0,0.0,50.0
8,-7.1,-1.1,3.9,-0.6,5.6,13.3,-3.9000000000000004,2.25,7.75,0.0,0.0,5.1,0.0,0.0,1.0,0.0,0.0,30.0
9,-5.0,-1.0,5.0,1.1,7.2,16.7,-1.9000000000000001,3.6500000000000004,9.75,0.0,0.0,6.6,0.0,0.0,0.8,0.0,0.0,30.0
10,-7.1,0.0,4.4,0.0,6.7,13.3,-3.6,3.65,8.9,0.0,0.0,4.6,0.0,0.0,0.0,0.0,0.0,0.0
11,-6.0,-1.6,4.4,0.0,7.2,15.0,-2.8,3.6,9.15,0.0,0.0,4.3,0.0,0.0,0.0,0.0,0.0,0.0
12,-4.9,1.1,6.7,1.7,10.6,17.2,-0.2999999999999998,4.75,10.3,0.0,0.0,9.4,0.0,0.0,0.0,0.0,0.0,0.0
13,-5.0,-0.5,6.7,2.8,11.1,16.7,-0.25,5.800000000000001,11.95,0.0,0.0,2.8,0.0,0.0,0.0,0.0,0.0,0.0
14,-5.0,-2.1,5.6,0.6,6.1,17.2,-1.9499999999999997,3.35,10.0,0.0,0.0,7.4,0.0,0.0,0.0,0.0,0.0,0.0
15,-6.7,-2.2,3.9,0.6,5.6,13.9,-2.75,2.2,7.199999999999999,0.0,0.0,10.4,0.0,0.0,0.0,0.0,0.0,0.0
16,-6.7,-0.6,2.8,0.0,6.7,13.9,-3.3,3.3499999999999996,8.049999999999999,0.0,0.0,1.0,0.0,0.0,0.3,0.0,0.0,0.0
17,-8.3,0.0,4.4,-1.0,5.6,11.7,-4.7,3.3499999999999996,7.25,0.0,0.0,6.1,0.0,0.0,0.8,0.0,0.0,30.0
18,-8.8,-0.6,2.8,-3.9,5.6,15.0,-6.699999999999999,2.75,8.6,0.0,0.0,8.9,0.0,0.0,0.0,0.0,0.0,25.0
19,-7.8,-1.0,2.8,-0.6,7.2,12.8,-3.3000000000000003,3.6,6.95,0.0,0.0,9.4,0.0,0.0,0.8,0.0,0.0,0.0
20,-7.2,-2.2,3.9,-0.6,5.0,15.0,-3.8,2.25,8.05,0.0,0.0,5.1,0.0,0.0,0.8,0.0,0.0,25.0
21,-8.3,-4.4,1.1,-2.7,3.3,10.0,-4.9,-1.4000000000000001,5.050000000000001,0.0,0.0,4.6,0.0,0.0,1.8,0.0,0.0,25.0
22,-8.9,-4.3,2.2,-3.8,4.4,11.1,-6.550000000000001,0.0,6.7,0.0,0.0,4.8,0.0,0.0,0.0,0.0,0.0,25.0
23,-9.4,-1.7,3.9,-2.2,6.1,11.1,-5.800000000000001,2.8,7.75,0.0,0.0,17.0,0.0,0.0,0.0,0.0,0.0,51.0
24,-8.3,0.0,3.3,-1.7,7.8,14.4,-4.45,2.8,8.85,0.0,0.0,12.2,0.0,0.0,0.0,0.0,0.0,25.0
25,-7.2,-1.0,5.0,1.1,6.1,12.8,-2.8,2.55,8.05,0.0,0.0,7.1,0.0,0.0,0.8,0.0,0.0,50.0
26,-5.6,-1.7,4.4,1.1,5.6,12.8,-2.25,1.7,7.2,0.0,0.0,1.8,0.0,0.0,0.3,0.0,0.0,30.0
27,-6.6,-0.6,3.3,-0.6,7.2,16.1,-3.0999999999999996,3.6499999999999995,9.450000000000001,0.0,0.0,9.9,0.0,0.0,0.0,0.0,0.0,100.0
28,-8.3,-1.0,4.4,0.6,7.8,14.4,-3.85,3.05,7.75,0.0,0.0,7.1,0.0,0.0,0.5,0.0,0.0,100.0
29,-7.2,-1.7,5.0,0.6,5.0,15.6,-2.75,1.45,10.3,0.0,0.0,1.3,0.0,0.0,0.0,0.0,0.0,102.0
30,-7.7,-1.7,4.4,0.0,6.1,16.1,-3.85,1.45,10.55,0.0,0.0,8.4,0.0,0.0,2.5,0.0,0.0,76.0
31,-6.6,-1.7,3.9,1.1,6.7,13.9,-2.25,2.5,8.9,0.0,0.0,7.1,0.0,0.0,0.0,0.0,0.0,80.0
32,-6.6,-1.6,4.4,1.1,7.8,16.1,-1.9499999999999997,3.0500000000000003,9.45,0.0,0.0,2.5,0.0,0.0,0.5,0.0,0.0,56.10000000000007
33,-7.2,0.0,2.8,2.8,9.4,13.9,-1.35,3.9000000000000004,8.05,0.0,0.0,5.1,0.0,0.0,0.5,0.0,0.0,53.500000000000036
34,-4.4,-1.0,5.0,2.2,6.1,13.9,-1.0499999999999998,2.8,9.45,0.0,0.0,12.7,0.0,0.0,0.0,0.0,0.0,78.60000000000004
35,-5.0,-0.5,5.6,2.2,6.7,16.7,-1.4,4.199999999999999,10.0,0.0,0.0,16.8,0.0,0.0,0.3,0.0,0.0,32.70000000000011
36,-9.4,0.6,3.3,-2.2,5.6,13.9,-6.35,3.3499999999999996,8.3,0.0,0.0,8.9,0.0,0.0,0.0,0.0,0.0,30.100000000000072
37,-8.3,-0.6,3.9,1.7,8.3,13.9,-3.05,4.2,7.75,0.0,0.0,18.5,0.0,0.0,0.0,0.0,0.0,78.60000000000004
38,-6.1,-0.5,4.4,3.3,7.8,15.0,-1.4,4.2,8.850000000000001,0.0,0.0,8.4,0.0,0.0,0.8,0.0,0.0,81.10000000000008
39,-5.6,0.6,3.3,1.1,6.7,19.4,-2.25,3.9000000000000004,10.85,0.0,0.0,2.8,0.0,0.0,0.0,0.0,0.0,53.500000000000036
40,-6.7,-1.0,3.9,2.2,9.4,15.6,-1.6999999999999997,3.9499999999999997,10.3,0.0,0.0,1.8,0.0,0.0,0.0,0.0,0.0,53.500000000000036
41,-4.9,0.6,4.4,2.2,8.3,16.7,-1.0499999999999998,4.45,9.7,0.0,0.0,5.8,0.0,0.0,0.3,0.0,0.0,25.0
42,-5.6,0.0,7.2,2.2,7.2,18.3,-1.9,3.3500000000000005,10.549999999999999,0.0,0.0,10.9,0.0,0.0,0.3,0.0,0.0,2.5000000000000355
43,-6.6,-1.1,6.7,0.6,6.1,15.6,-2.2,1.95,10.55,0.0,0.0,12.2,0.0,0.0,0.3,0.0,0.0,15.000000000000213
44,-7.2,-1.1,2.2,1.1,6.7,12.2,-2.75,2.8,6.699999999999999,0.0,0.0,11.4,0.0,0.0,0.5,0.0,0.0,55.200000000000074
45,-6.1,-0.6,2.8,3.3,7.2,13.3,-1.1,3.4,8.35,0.0,0.0,10.2,0.0,0.0,0.3,0.0,0.0,51.0
46,-6.6,0.6,6.1,1.7,7.2,16.1,-1.6500000000000001,3.9,9.700000000000001,0.0,0.0,8.9,0.0,0.0,0.3,0.0,0.0,50.1
47,-7.2,0.0,4.4,1.7,8.3,18.9,-2.5,5.05,11.399999999999999,0.0,0.0,11.9,0.0,0.0,0.0,0.0,0.0,50.1
48,-7.8,0.0,3.9,1.1,6.7,16.7,-3.35,3.35,9.15,0.0,0.0,9.9,0.0,0.0,0.3,0.0,0.0,132.20000000000005
49,-5.6,-1.0,5.0,1.7,8.9,20.0,-1.9499999999999997,3.4000000000000004,10.3,0.0,0.0,6.4,0.0,0.0,0.8,0.0,0.0,55.90000000000007
50,-6.7,-1.0,4.4,2.8,10.0,16.7,-2.7500000000000004,4.45,9.75,0.0,0.0,1.8,0.0,0.0,0.0,0.0,0.0,32.50000000000011
51,-4.3,1.1,7.8,2.2,9.4,18.3,-0.55,5.05,12.8,0.0,0.0,1.5,0.0,0.0,0.0,0.0,0.0,30.500000000000078
52,-3.9,0.0,7.2,3.9,10.6,18.9,0.050000000000000044,5.8500000000000005,12.5,0.0,0.0,3.6,0.0,0.0,0.0,0.0,0.0,53.00000000000004
53,-3.2,1.7,6.1,2.2,11.1,17.8,0.2500000000000001,6.1499999999999995,12.25,0.0,0.3,6.9,0.0,0.0,0.0,0.0,0.0,2.5000000000000355
54,-3.9,2.2,7.8,5.0,8.9,19.4,1.65,5.550000000000001,13.85,0.0,0.0,3.3,0.0,0.0,0.0,0.0,0.0,3.0000000000000426
55,-4.4,0.6,7.8,3.9,11.7,18.3,0.0,5.550000000000001,11.95,0.0,0.0,7.9,0.0,0.0,0.0,0.0,0.0,0.0
56,-2.8,0.6,6.7,3.9,10.6,20.6,1.35,6.1,11.950000000000001,0.0,0.0,4.8,0.0,0.0,0.0,0.0,0.0,0.0
57,-2.7,1.1,6.1,3.9,10.0,16.1,1.4,5.85,11.4,0.0,0.0,3.6,0.0,0.0,0.0,0.0,0.0,3.0000000000000426
58,-3.8,1.7,7.2,4.4,11.7,17.8,0.04999999999999982,7.25,12.5,0.0,0.0,6.9,0.0,0.0,0.0,0.0,0.0,0.0
59,-3.0199999999999996,2.2,7.320000000000002,2.8,10.6,18.9,0.48999999999999994,7.25,12.5,0.0,0.0,10.880000000000022,0.0,0.0,0.0,0.0,0.0,0.0
60,-3.3,2.2,7.8,4.4,11.1,20.6,1.4499999999999997,6.3999999999999995,11.700000000000001,0.0,0.0,7.4,0.0,0.0,0.3,0.0,0.0,0.0
61,-0.6,2.2,6.1,4.4,12.2,19.4,1.95,7.55,11.95,0.0,0.8,11.7,0.0,0.0,0.0,0.0,0.0,2.5000000000000355
62,-5.0,1.7,6.1,3.9,8.3,18.3,-0.55,5.550000000000001,12.25,0.0,0.0,8.9,0.0,0.0,0.0,0.0,0.0,0.0
63,-6.1,1.1,7.8,5.0,8.3,18.3,0.25,4.45,12.75,0.0,0.0,2.3,0.0,0.0,0.0,0.0,0.0,0.0
64,-4.3,1.7,7.2,6.7,10.6,18.9,1.6999999999999997,5.85,11.95,0.0,0.0,11.4,0.0,0.0,0.0,0.0,0.0,0.0
65,-3.9,1.1,8.3,2.2,12.2,17.8,-0.5,6.949999999999999,11.65,0.0,0.0,11.7,0.0,0.0,0.0,0.0,0.0,0.0
66,-3.9,3.3,6.7,7.2,11.7,21.1,1.1500000000000004,7.8,13.649999999999999,0.0,0.0,3.8,0.0,0.0,0.0,0.0,0.0,0.0
67,-4.4,1.7,10.0,5.0,13.9,23.3,2.5,8.049999999999999,16.95,0.0,0.0,5.3,0.0,0.0,0.0,0.0,0.0,2.5000000000000355
68,-3.9,2.2,8.3,2.8,13.9,23.3,-0.55,8.35,15.3,0.0,0.0,18.3,0.0,0.0,0.0,0.0,0.0,0.0
69,-3.3,2.8,12.2,4.4,11.7,22.2,0.5500000000000003,7.5,17.2,0.0,0.0,4.8,0.0,0.0,0.0,0.0,0.0,0.0
70,-2.8,3.3,8.9,6.7,15.0,22.8,1.4,9.45,14.45,0.0,0.0,0.5,0.0,0.0,0.0,0.0,0.0,0.0
71,-2.2,2.2,8.9,7.8,14.4,21.7,3.3499999999999996,7.75,14.7,0.0,0.0,8.9,0.0,0.0,0.0,0.0,0.0,0.0
72,-2.1,3.3,9.4,6.7,12.8,23.9,2.8499999999999996,8.9,15.85,0.0,0.0,5.6,0.0,0.0,0.0,0.0,0.0,0.0
73,0.0,3.9,8.3,7.2,14.4,24.4,3.35,8.9,15.85,0.0,0.0,10.7,0.0,0.0,0.0,0.0,0.0,0.0
74,0.0,5.0,10.6,8.3,15.0,24.4,4.45,8.9,18.65,0.0,0.0,5.6,0.0,0.0,0.0,0.0,0.0,0.0
75,-0.5,5.0,9.4,6.7,13.9,22.8,3.35,9.45,16.15,0.0,0.0,9.7,0.0,0.0,0.0,0.0,0.0,0.0
76,0.0,4.4,10.0,5.6,12.8,22.8,3.05,8.35,15.0,0.0,0.0,2.3,0.0,0.0,0.0,0.0,0.0,0.0
77,-0.6,4.4,8.9,6.7,14.4,21.7,2.8,9.7,15.55,0.0,0.0,9.4,0.0,0.0,0.0,0.0,0.0,0.0
78,0.0,3.3,9.4,8.3,12.8,23.9,4.2,8.05,15.850000000000001,0.0,0.0,12.7,0.0,0.0,0.0,0.0,0.0,0.0
79,0.0,3.9,10.0,8.3,13.3,22.2,4.75,8.049999999999999,15.55,0.0,0.0,12.4,0.0,0.0,0.0,0.0,0.0,0.0
80,0.0,3.9,8.3,5.6,14.4,21.1,3.9,8.65,14.450000000000001,0.0,0.0,27.7,0.0,0.0,0.0,0.0,0.0,0.0
81,0.0,4.4,8.9,7.2,14.4,21.7,3.9,8.9,14.75,0.0,0.0,0.5,0.0,0.0,0.0,0.0,0.0,0.0
82,-0.6,2.8,10.0,10.6,12.2,23.9,5.0,6.65,17.799999999999997,0.0,0.0,10.9,0.0,0.0,0.0,0.0,0.0,0.0
83,0.6,2.8,10.0,8.3,14.4,20.0,4.7,9.450000000000001,14.149999999999999,0.0,0.0,3.3,0.0,0.0,0.0,0.0,0.0,0.0
84,0.0,6.1,10.6,8.9,13.9,22.8,5.0,8.9,15.8,0.0,0.0,7.4,0.0,0.0,0.0,0.0,0.0,0.0
85,1.1,5.6,9.4,9.4,15.0,24.4,5.55,10.6,16.35,0.0,0.0,8.6,0.0,0.0,0.0,0.0,0.0,0.0
86,0.0,5.0,10.6,8.9,13.9,22.8,4.199999999999999,8.9,16.15,0.0,0.0,4.3,0.0,0.0,0.0,0.0,0.0,0.0
87,-0.5,7.2,10.6,8.3,16.1,23.3,3.8500000000000005,10.850000000000001,16.65,0.0,0.3,13.5,0.0,0.0,0.0,0.0,0.0,0.0
88,2.8,6.7,11.7,9.4,17.2,25.0,5.0,12.25,17.25,0.0,0.0,5.6,0.0,0.0,0.0,0.0,0.0,0.0
89,2.2,5.6,11.7,11.7,17.2,25.0,6.3999999999999995,11.1,18.049999999999997,0.0,0.0,3.8,0.0,0.0,0.0,0.0,0.0,0.0
90,2.8,6.1,10.6,11.1,16.7,23.9,7.8,11.7,17.25,0.0,0.0,9.9,0.0,0.0,0.0,0.0,0.0,0.0
91,2.8,7.8,12.2,10.6,16.1,23.9,7.75,12.2,17.8,0.0,0.3,7.6,0.0,0.0,0.0,0.0,0.0,0.0
92,3.9,6.7,11.7,10.6,16.7,25.0,7.25,11.950000000000001,16.95,0.0,0.0,3.6,0.0,0.0,0.0,0.0,0.0,0.0
93,2.2,6.7,12.8,12.2,20.6,24.4,7.5,13.899999999999999,19.45,0.0,0.0,14.2,0.0,0.0,0.0,0.0,0.0,0.0
94,2.8,7.2,12.2,12.2,20.0,26.1,9.2,13.6,19.4,0.0,0.0,7.4,0.0,0.0,0.0,0.0,0.0,0.0
95,1.1,6.1,12.8,9.4,15.6,23.3,5.550000000000001,11.4,19.15,0.0,0.0,2.3,0.0,0.0,0.0,0.0,0.0,0.0
96,1.7,6.7,12.2,10.6,17.2,27.8,6.95,11.95,18.9,0.0,0.0,3.8,0.0,0.0,0.0,0.0,0.0,0.0
97,2.8,8.3,11.7,9.4,19.4,25.0,6.35,13.600000000000001,18.65,0.0,0.0,17.3,0.0,0.0,0.0,0.0,0.0,0.0
98,2.2,7.2,11.7,10.6,18.3,26.7,6.949999999999999,12.75,19.2,0.0,0.0,8.9,0.0,0.0,0.0,0.0,0.0,0.0
99,1.1,6.7,11.7,8.3,17.2,27.2,5.55,11.4,20.0,0.0,0.3,9.4,0.0,0.0,0.0,0.0,0.0,0.0
100,2.2,7.2,11.7,11.1,18.3,24.4,6.3999999999999995,12.5,18.05,0.0,0.0,0.8,0.0,0.0,0.0,0.0,0.0,0.0
101,3.9,8.3,15.0,11.7,19.4,27.8,9.2,13.6,21.1,0.0,0.0,8.9,0.0,0.0,0.0,0.0,0.0,0.0
102,5.6,9.4,12.8,13.3,21.1,26.1,9.75,15.55,19.45,0.0,0.0,17.5,0.0,0.0,0.0,0.0,0.0,0.0
103,6.1,9.4,14.4,13.3,20.0,29.4,10.3,13.600000000000001,21.1,0.0,0.0,5.6,0.0,0.0,0.0,0.0,0.0,0.0
104,4.4,8.9,16.7,13.3,20.6,27.8,9.4,14.75,22.25,0.0,0.0,5.6,0.0,0.0,0.0,0.0,0.0,0.0
105,3.3,8.9,16.1,13.9,20.0,28.3,10.25,14.75,22.200000000000003,0.0,0.0,18.3,0.0,0.0,0.0,0.0,0.0,0.0
106,5.0,8.9,15.6,12.8,21.7,29.4,9.45,14.149999999999999,21.65,0.0,0.0,4.6,0.0,0.0,0.0,0.0,0.0,0.0
107,4.4,7.8,15.6,13.3,20.6,26.1,8.85,13.850000000000001,20.55,0.0,0.0,5.6,0.0,0.0,0.0,0.0,0.0,0.0
108,3.9,8.3,13.9,10.6,21.1,29.4,8.049999999999999,14.2,20.85,0.0,0.0,3.6,0.0,0.0,0.0,0.0,0.0,0.0
109,4.4,10.0,15.6,13.9,20.6,28.9,10.55,15.799999999999999,23.05,0.0,0.0,9.4,0.0,0.0,0.0,0.0,0.0,0.0
110,5.6,11.1,16.7,16.7,21.7,27.8,11.95,16.35,21.4,0.0,0.0,2.8,0.0,0.0,0.0,0.0,0.0,0.0
111,5.6,9.4,14.4,14.4,20.0,27.2,11.399999999999999,15.799999999999999,20.55,0.0,0.0,9.1,0.0,0.0,0.0,0.0,0.0,0.0
112,5.6,10.0,14.4,13.9,20.6,28.3,10.0,15.549999999999999,22.5,0.0,0.0,9.1,0.0,0.0,0.0,0.0,0.0,0.0
113,6.7,9.4,13.3,14.4,20.6,27.8,10.8,13.9,20.0,0.0,0.0,7.1,0.0,0.0,0.0,0.0,0.0,0.0
114,5.6,8.9,14.4,16.1,19.4,27.8,11.1,13.9,21.4,0.0,0.0,11.7,0.0,0.0,0.0,0.0,0.0,0.0
115,6.7,10.0,13.9,16.1,20.6,26.7,11.100000000000001,15.0,20.3,0.0,0.0,8.1,0.0,0.0,0.0,0.0,0.0,0.0
116,6.7,10.0,15.0,15.6,20.6,28.3,11.95,15.25,21.95,0.0,0.3,8.4,0.0,0.0,0.0,0.0,0.0,0.0
117,6.7,10.0,12.2,15.6,20.6,26.7,11.649999999999999,15.3,19.45,0.0,0.0,4.3,0.0,0.0,0.0,0.0,0.0,0.0
118,6.1,10.0,16.1,15.0,20.0,28.9,10.85,15.25,21.1,0.0,0.0,14.7,0.0,0.0,0.0,0.0,0.0,0.0
119,6.7,10.0,16.1,15.6,21.7,29.4,12.5,15.25,22.75,0.0,0.0,0.8,0.0,0.0,0.0,0.0,0.0,0.0
120,7.2,10.6,14.4,16.7,21.7,28.3,13.35,16.1,20.8,0.0,0.0,16.0,0.0,0.0,0.0,0.0,0.0,0.0
121,7.8,11.7,16.1,17.8,21.7,28.9,13.35,16.7,22.25,0.0,0.0,3.8,0.0,0.0,0.0,0.0,0.0,0.0
122,8.9,12.8,17.2,20.0,25.6,30.6,14.7,18.9,23.1,0.0,0.0,12.7,0.0,0.0,0.0,0.0,0.0,0.0
123,8.9,13.3,18.3,16.1,23.3,28.9,13.35,18.6,23.65,0.0,0.0,9.1,0.0,0.0,0.0,0.0,0.0,0.0
124,8.3,12.2,18.3,16.7,22.8,28.9,12.5,18.05,23.6,0.0,0.0,14.2,0.0,0.0,0.0,0.0,0.0,0.0
125,8.3,12.8,17.2,15.6,22.2,28.3,12.5,16.95,23.05,0.0,0.5,16.3,0.0,0.0,0.0,0.0,0.0,0.0
126,8.9,11.7,17.8,17.2,22.2,26.7,13.05,17.25,22.2,0.0,0.0,1.8,0.0,0.0,0.0,0.0,0.0,0.0
127,7.8,12.8,16.1,18.3,22.2,27.2,13.05,17.8,21.95,0.0,0.0,13.5,0.0,0.0,0.0,0.0,0.0,0.0
128,6.7,12.8,17.2,16.7,23.9,28.9,12.8,18.6,22.8,0.0,0.0,3.0,0.0,0.0,0.0,0.0,0.0,0.0
129,8.3,13.3,16.7,17.8,22.8,28.3,13.899999999999999,17.25,21.15,0.0,0.0,8.1,0.0,0.0,0.0,0.0,0.0,0.0
130,9.4,13.3,19.4,18.3,24.4,28.9,13.350000000000001,17.75,23.1,0.0,0.0,9.9,0.0,0.0,0.0,0.0,0.0,0.0
131,8.9,12.8,17.8,16.7,25.0,30.0,13.6,18.85,23.6,0.0,0.0,10.4,0.0,0.0,0.0,0.0,0.0,0.0
132,9.4,13.3,18.3,16.1,23.9,30.0,12.5,18.35,24.700000000000003,0.0,0.0,12.4,0.0,0.0,0.0,0.0,0.0,0.0
133,8.9,12.2,17.2,16.7,22.2,28.3,13.05,16.95,21.7,0.0,0.0,13.2,0.0,0.0,0.0,0.0,0.0,0.0
134,8.3,12.2,16.7,18.3,22.8,27.8,14.2,17.25,20.549999999999997,0.0,0.0,16.8,0.0,0.0,0.0,0.0,0.0,0.0
135,10.0,14.4,18.9,20.6,25.0,30.0,16.4,20.0,23.049999999999997,0.0,0.0,10.2,0.0,0.0,0.0,0.0,0.0,0.0
136,10.6,13.9,18.9,19.4,26.1,30.0,14.45,20.0,23.299999999999997,0.0,0.0,16.8,0.0,0.0,0.0,0.0,0.0,0.0
137,10.6,15.0,18.9,17.8,23.9,30.0,14.75,19.15,24.45,0.0,0.0,7.4,0.0,0.0,0.0,0.0,0.0,0.0
138,10.0,13.9,20.0,16.7,22.8,29.4,13.600000000000001,18.35,24.4,0.0,0.0,14.0,0.0,0.0,0.0,0.0,0.0,0.0
139,9.4,14.4,19.4,20.6,24.4,32.8,14.45,20.0,26.65,0.0,0.0,9.1,0.0,0.0,0.0,0.0,0.0,0.0
140,10.0,13.9,19.4,17.2,25.0,31.7,14.45,20.0,25.85,0.0,0.0,2.8,0.0,0.0,0.0,0.0,0.0,0.0
141,10.0,13.9,20.0,17.2,24.4,30.0,14.75,19.45,23.9,0.0,0.0,13.5,0.0,0.0,0.0,0.0,0.0,0.0
142,10.6,15.0,18.9,19.4,25.6,31.7,15.25,20.85,25.0,0.0,0.0,20.6,0.0,0.0,0.0,0.0,0.0,0.0
143,11.1,15.6,19.4,20.0,25.0,29.4,16.65,20.0,23.6,0.0,0.0,7.4,0.0,0.0,0.0,0.0,0.0,0.0
144,11.7,14.4,20.6,19.4,26.7,30.6,16.4,20.85,25.0,0.0,0.0,8.1,0.0,0.0,0.0,0.0,0.0,0.0
145,12.2,16.1,20.0,21.7,25.6,30.0,16.95,21.15,25.25,0.0,0.0,13.2,0.0,0.0,0.0,0.0,0.0,0.0
146,12.2,16.7,20.6,21.7,26.7,32.8,17.8,21.95,26.15,0.0,0.0,22.9,0.0,0.0,0.0,0.0,0.0,0.0
147,12.8,18.9,21.1,20.6,27.8,31.1,16.700000000000003,22.799999999999997,25.85,0.0,0.3,7.6,0.0,0.0,0.0,0.0,0.0,0.0
148,12.8,17.2,21.1,18.3,26.7,31.1,15.55,21.65,25.85,0.0,0.5,10.4,0.0,0.0,0.0,0.0,0.0,0.0
149,11.7,17.8,21.1,18.3,27.8,31.7,15.55,22.5,26.400000000000002,0.0,0.0,13.0,0.0,0.0,0.0,0.0,0.0,0.0
150,12.2,17.2,21.7,21.7,26.7,32.2,18.35,21.4,27.200000000000003,0.0,0.0,3.8,0.0,0.0,0.0,0.0,0.0,0.0
151,10.0,18.3,21.7,22.8,28.3,32.8,17.2,22.5,27.25,0.0,0.0,6.1,0.0,0.0,0.0,0.0,0.0,0.0
152,12.2,18.3,22.2,23.3,29.4,33.3,18.049999999999997,23.05,27.5,0.0,0.0,9.9,0.0,0.0,0.0,0.0,0.0,0.0
153,14.4,17.8,21.7,22.8,28.3,32.2,17.25,23.05,26.400000000000002,0.0,0.0,11.7,0.0,0.0,0.0,0.0,0.0,0.0
154,13.9,17.2,20.6,18.9,27.2,30.0,17.25,21.95,24.75,0.0,0.3,20.1,0.0,0.0,0.0,0.0,0.0,0.0
155,13.9,16.7,21.1,20.6,26.7,31.1,17.25,21.4,25.85,0.0,0.0,10.4,0.0,0.0,0.0,0.0,0.0,0.0
156,14.4,17.2,21.1,21.7,27.8,31.1,18.05,22.5,26.1,0.0,0.0,11.7,0.0,0.0,0.0,0.0,0.0,0.0
157,14.4,17.8,21.7,22.2,27.2,32.8,18.05,22.200000000000003,26.95,0.0,0.0,9.7,0.0,0.0,0.0,0.0,0.0,0.0
158,14.4,17.8,21.7,22.8,27.2,32.2,19.15,22.75,26.4,0.0,0.0,5.8,0.0,0.0,0.0,0.0,0.0,0.0
159,14.4,18.3,22.8,23.9,28.3,33.9,19.15,23.6,28.049999999999997,0.0,0.0,1.5,0.0,0.0,0.0,0.0,0.0,0.0
160,13.9,19.4,23.9,25.0,29.4,33.3,20.0,24.15,28.049999999999997,0.0,0.0,6.9,0.0,0.0,0.0,0.0,0.0,0.0
161,15.6,20.0,23.3,25.0,30.0,33.3,21.4,24.15,27.200000000000003,0.0,0.0,12.2,0.0,0.0,0.0,0.0,0.0,0.0
162,16.1,19.4,22.8,22.8,30.0,33.9,20.0,24.7,27.799999999999997,0.0,0.0,11.4,0.0,0.0,0.0,0.0,0.0,0.0
163,15.6,20.6,22.2,24.4,30.0,33.9,20.0,25.0,28.6,0.0,0.0,9.4,0.0,0.0,0.0,0.0,0.0,0.0
164,16.1,20.0,22.8,26.1,28.3,33.3,21.4,24.200000000000003,28.349999999999998,0.0,0.0,11.2,0.0,0.0,0.0,0.0,0.0,0.0
165,16.7,19.4,23.3,23.3,28.3,32.8,20.25,24.15,28.049999999999997,0.0,0.0,6.9,0.0,0.0,0.0,0.0,0.0,0.0
166,16.1,18.9,23.3,25.6,28.9,31.1,21.4,23.35,26.950000000000003,0.0,0.0,8.1,0.0,0.0,0.0,0.0,0.0,0.0
167,16.1,18.9,22.8,25.0,28.9,31.7,21.1,24.45,26.35,0.0,0.0,21.1,0.0,0.0,0.0,0.0,0.0,0.0
168,15.6,18.3,23.3,22.8,30.0,33.3,20.55,24.450000000000003,28.299999999999997,0.0,0.0,19.3,0.0,0.0,0.0,0.0,0.0,0.0
169,16.1,20.0,23.3,25.6,30.6,33.9,20.8,24.450000000000003,28.6,0.0,0.0,18.3,0.0,0.0,0.0,0.0,0.0,0.0
170,17.2,20.6,22.8,26.1,30.6,32.8,21.15,25.55,27.5,0.0,0.0,15.2,0.0,0.0,0.0,0.0,0.0,0.0
171,15.0,20.6,22.8,24.4,30.6,33.3,20.0,25.85,28.049999999999997,0.0,0.0,13.0,0.0,0.0,0.0,0.0,0.0,0.0
172,16.1,21.1,23.9,23.9,30.0,33.9,21.1,25.55,28.9,0.0,0.0,2.0,0.0,0.0,0.0,0.0,0.0,0.0
173,16.7,21.1,23.9,25.0,30.0,35.6,21.95,25.25,29.700000000000003,0.0,0.0,14.5,0.0,0.0,0.0,0.0,0.0,0.0
174,17.2,20.6,23.9,24.4,30.0,35.6,20.85,24.7,29.700000000000003,0.0,0.0,13.5,0.0,0.0,0.0,0.0,0.0,0.0
175,16.7,21.1,23.3,27.8,30.6,33.9,22.5,26.1,28.05,0.0,0.0,2.8,0.0,0.0,0.0,0.0,0.0,0.0
176,18.9,21.7,23.3,29.4,31.7,34.4,24.45,26.15,28.35,0.0,0.0,11.4,0.0,0.0,0.0,0.0,0.0,0.0
177,18.9,22.2,23.3,28.3,31.7,35.0,24.15,26.95,29.15,0.0,0.0,9.7,0.0,0.0,0.0,0.0,0.0,0.0
178,18.9,21.7,23.9,27.2,31.1,33.9,23.1,26.1,28.9,0.0,0.5,8.9,0.0,0.0,0.0,0.0,0.0,0.0
179,18.9,21.7,23.9,25.0,31.1,35.0,22.5,25.85,28.6,0.0,0.0,12.7,0.0,0.0,0.0,0.0,0.0,0.0
180,18.3,20.6,23.9,27.2,30.6,33.9,23.6,25.6,28.9,0.0,0.0,1.0,0.0,0.0,0.0,0.0,0.0,0.0
181,18.3,21.1,24.4,28.3,31.7,34.4,23.35,26.1,28.849999999999998,0.0,0.0,7.1,0.0,0.0,0.0,0.0,0.0,0.0
182,18.3,21.7,23.9,27.8,31.1,33.9,23.05,26.4,28.6,0.0,0.0,16.5,0.0,0.0,0.0,0.0,0.0,0.0
183,18.3,21.1,23.9,26.7,30.6,35.0,22.5,26.4,28.9,0.0,0.0,7.1,0.0,0.0,0.0,0.0,0.0,0.0
184,17.2,21.1,23.9,25.6,31.1,36.1,22.2,26.950000000000003,30.25,0.0,0.0,13.5,0.0,0.0,0.0,0.0,0.0,0.0
185,19.4,22.2,25.0,28.3,31.7,34.4,23.6,26.7,30.299999999999997,0.0,0.0,8.9,0.0,0.0,0.0,0.0,0.0,0.0
186,19.4,22.8,25.0,28.9,31.1,36.7,24.4,26.65,30.0,0.0,0.0,6.9,0.0,0.0,0.0,0.0,0.0,0.0
187,18.3,22.8,26.1,28.9,31.7,36.7,24.15,27.2,31.95,0.0,0.0,15.5,0.0,0.0,0.0,0.0,0.0,0.0
188,19.4,22.8,26.1,27.8,32.2,35.0,23.9,27.5,30.25,0.0,0.0,12.4,0.0,0.0,0.0,0.0,0.0,0.0
189,18.9,22.2,25.0,27.2,32.2,35.6,23.049999999999997,27.200000000000003,29.7,0.0,0.0,21.6,0.0,0.0,0.0,0.0,0.0,0.0
190,18.3,22.8,24.4,28.3,31.7,36.7,23.6,26.950000000000003,29.75,0.0,0.0,13.7,0.0,0.0,0.0,0.0,0.0,0.0
191,20.0,21.7,23.9,28.3,31.1,33.3,24.15,26.4,28.599999999999998,0.0,0.0,18.5,0.0,0.0,0.0,0.0,0.0,0.0
192,18.3,21.7,23.9,28.3,31.1,33.9,23.3,26.950000000000003,29.15,0.0,0.0,0.3,0.0,0.0,0.0,0.0,0.0,0.0
193,18.3,22.2,25.0,27.2,31.7,33.3,22.75,26.95,28.9,0.0,0.0,11.2,0.0,0.0,0.0,0.0,0.0,0.0
194,19.4,22.8,24.4,27.8,31.7,34.4,23.9,27.200000000000003,29.4,0.0,0.0,14.7,0.0,0.0,0.0,0.0,0.0,0.0
195,18.9,22.8,24.4,27.8,31.7,36.7,23.6,27.25,30.3,0.0,0.0,18.5,0.0,0.0,0.0,0.0,0.0,0.0
196,18.3,22.8,24.4,28.9,32.2,35.6,24.200000000000003,27.25,30.0,0.0,0.0,1.8,0.0,0.0,0.0,0.0,0.0,0.0
197,19.4,22.8,25.6,30.0,32.8,36.7,24.75,27.799999999999997,30.55,0.0,0.0,5.8,0.0,0.0,0.0,0.0,0.0,0.0
198,20.6,23.3,25.0,29.4,33.3,36.1,25.0,28.299999999999997,30.549999999999997,0.0,0.0,6.6,0.0,0.0,0.0,0.0,0.0,0.0
199,20.0,23.9,26.1,28.3,32.8,36.7,24.15,28.599999999999998,30.55,0.0,0.0,5.6,0.0,0.0,0.0,0.0,0.0,0.0
200,20.6,23.3,26.1,28.3,33.3,36.1,24.15,28.049999999999997,31.1,0.0,0.0,11.7,0.0,0.0,0.0,0.0,0.0,0.0
201,19.4,23.3,26.1,27.8,31.7,36.1,24.450000000000003,27.799999999999997,31.400000000000002,0.0,0.0,0.5,0.0,0.0,0.0,0.0,0.0,0.0
202,18.9,23.3,26.1,28.9,32.8,36.1,23.05,27.799999999999997,30.55,0.0,0.0,11.4,0.0,0.0,0.0,0.0,0.0,0.0
203,20.0,23.3,24.4,28.3,31.7,35.6,23.6,27.200000000000003,30.0,0.0,0.0,18.8,0.0,0.0,0.0,0.0,0.0,0.0
204,20.0,22.2,25.0,27.8,31.1,36.7,23.85,26.9,30.85,0.0,0.0,22.1,0.0,0.0,0.0,0.0,0.0,0.0
205,19.4,22.8,24.4,28.3,30.6,35.0,24.15,26.4,29.45,0.0,0.0,8.6,0.0,0.0,0.0,0.0,0.0,0.0
206,18.3,22.2,23.9,27.8,31.1,36.7,23.05,26.65,29.75,0.0,0.0,15.7,0.0,0.0,0.0,0.0,0.0,0.0
207,19.4,22.2,25.0,26.7,31.7,36.1,24.15,26.95,30.3,0.0,0.0,14.7,0.0,0.0,0.0,0.0,0.0,0.0
208,19.4,22.8,25.6,28.3,32.2,35.6,24.7,27.5,30.55,0.0,0.0,18.5,0.0,0.0,0.0,0.0,0.0,0.0
209,20.6,22.2,25.6,28.9,33.3,35.6,24.45,27.75,30.25,0.0,0.0,11.4,0.0,0.0,0.0,0.0,0.0,0.0
210,20.0,23.3,25.6,25.6,32.2,35.0,23.35,27.5,29.700000000000003,0.0,0.0,12.2,0.0,0.0,0.0,0.0,0.0,0.0
211,18.9,23.3,25.6,26.7,31.1,35.0,23.35,27.200000000000003,30.0,0.0,0.0,8.4,0.0,0.0,0.0,0.0,0.0,0.0
212,19.4,22.2,25.0,27.8,31.7,35.0,24.450000000000003,26.1,30.0,0.0,0.0,6.9,0.0,0.0,0.0,0.0,0.0,0.0
213,19.4,22.2,24.4,27.2,31.7,36.7,23.6,26.95,30.8,0.0,0.0,8.9,0.0,0.0,0.0,0.0,0.0,0.0
214,18.9,22.8,24.4,28.9,32.2,36.7,23.9,27.5,30.0,0.0,0.0,5.8,0.0,0.0,0.0,0.0,0.0,0.0
215,19.4,22.2,24.4,28.3,30.6,35.6,23.9,26.650000000000002,29.75,0.0,0.0,7.9,0.0,0.0,0.0,0.0,0.0,0.0
216,20.0,22.8,25.0,28.3,32.2,35.6,24.200000000000003,27.200000000000003,30.0,0.0,0.0,6.9,0.0,0.0,0.0,0.0,0.0,0.0
217,18.9,22.8,23.9,27.8,31.7,35.6,23.85,27.2,29.75,0.0,0.0,9.7,0.0,0.0,0.0,0.0,0.0,0.0
218,19.4,22.2,24.4,26.1,31.1,33.9,23.05,26.650000000000002,29.15,0.0,0.0,11.7,0.0,0.0,0.0,0.0,0.0,0.0
219,17.8,21.7,25.0,25.6,31.1,34.4,22.8,26.4,28.9,0.0,0.0,20.1,0.0,0.0,0.0,0.0,0.0,0.0
220,18.3,22.2,25.0,28.3,30.6,34.4,23.85,26.700000000000003,29.75,0.0,0.0,0.5,0.0,0.0,0.0,0.0,0.0,0.0
221,18.3,22.2,25.0,27.2,31.1,35.0,23.35,26.95,29.75,0.0,0.0,2.5,0.0,0.0,0.0,0.0,0.0,0.0
222,18.3,22.2,24.4,28.3,31.1,35.0,23.9,26.4,30.0,0.0,0.0,10.9,0.0,0.0,0.0,0.0,0.0,0.0
223,19.4,22.2,24.4,28.3,31.7,35.6,25.0,26.7,29.200000000000003,0.0,0.0,8.6,0.0,0.0,0.0,0.0,0.0,0.0
224,19.4,22.8,23.9,27.2,31.1,35.0,23.9,26.950000000000003,29.450000000000003,0.0,0.0,24.9,0.0,0.0,0.0,0.0,0.0,0.0
225,18.3,22.8,25.0,26.7,30.6,35.6,23.35,26.65,30.55,0.0,0.0,5.8,0.0,0.0,0.0,0.0,0.0,0.0
226,17.8,21.7,25.0,26.7,31.1,35.0,23.6,26.15,30.0,0.0,0.0,15.2,0.0,0.0,0.0,0.0,0.0,0.0
227,18.9,22.2,24.4,26.7,30.6,33.9,22.5,26.1,29.15,0.0,0.0,5.3,0.0,0.0,0.0,0.0,0.0,0.0
228,18.9,21.7,23.9,27.8,31.7,35.0,23.9,26.65,29.45,0.0,0.0,13.2,0.0,0.0,0.0,0.0,0.0,0.0
229,18.9,22.2,24.4,28.3,31.7,35.6,23.6,26.950000000000003,30.25,0.0,0.0,8.4,0.0,0.0,0.0,0.0,0.0,0.0
230,20.0,21.7,25.0,27.8,30.6,35.0,24.200000000000003,25.85,29.7,0.0,0.0,4.8,0.0,0.0,0.0,0.0,0.0,0.0
231,18.3,21.7,24.4,25.0,31.1,33.3,21.4,26.15,28.849999999999998,0.0,0.0,6.9,0.0,0.0,0.0,0.0,0.0,0.0
232,17.8,21.1,23.3,24.4,30.0,33.3,20.85,25.549999999999997,28.849999999999998,0.0,0.0,9.1,0.0,0.0,0.0,0.0,0.0,0.0
233,18.3,21.7,23.9,26.1,30.6,33.9,21.1,25.3,28.05,0.0,0.0,15.0,0.0,0.0,0.0,0.0,0.0,0.0
234,17.2,21.1,23.9,27.2,30.0,34.4,21.4,26.1,28.599999999999998,0.0,0.0,0.8,0.0,0.0,0.0,0.0,0.0,0.0
235,17.2,20.0,22.8,26.1,29.4,32.8,22.5,24.75,28.35,0.0,0.0,2.8,0.0,0.0,0.0,0.0,0.0,0.0
236,17.8,20.6,22.8,27.2,30.0,33.3,22.5,25.3,27.8,0.0,0.0,1.3,0.0,0.0,0.0,0.0,0.0,0.0
237,18.3,20.6,23.3,27.8,30.0,33.9,23.3,25.0,28.6,0.0,0.0,10.7,0.0,0.0,0.0,0.0,0.0,0.0
238,18.3,20.6,23.9,27.8,30.6,33.3,22.75,25.3,28.599999999999998,0.0,0.0,7.1,0.0,0.0,0.0,0.0,0.0,0.0
239,18.9,21.7,23.9,26.1,30.6,33.3,22.5,26.15,28.6,0.0,0.0,6.6,0.0,0.0,0.0,0.0,0.0,0.0
240,18.3,21.7,23.9,25.6,30.6,33.9,22.5,25.85,29.15,0.0,0.0,12.2,0.0,0.0,0.0,0.0,0.0,0.0
241,18.3,21.7,23.9,25.6,30.6,34.4,23.1,25.8,28.9,0.0,0.0,10.2,0.0,0.0,0.0,0.0,0.0,0.0
242,16.7,21.7,23.3,25.6,30.0,33.9,21.4,25.6,29.15,0.0,0.0,2.0,0.0,0.0,0.0,0.0,0.0,0.0
243,17.8,21.1,23.3,24.4,30.0,34.4,21.1,25.25,28.35,0.0,0.0,6.9,0.0,0.0,0.0,0.0,0.0,0.0
244,16.1,20.0,23.9,24.4,29.4,35.0,20.0,25.0,28.9,0.0,0.0,21.6,0.0,0.0,0.0,0.0,0.0,0.0
245,15.6,19.4,23.3,25.0,28.9,33.3,20.85,25.0,28.049999999999997,0.0,0.0,4.8,0.0,0.0,0.0,0.0,0.0,0.0
246,16.1,20.0,23.9,26.7,28.9,33.9,21.4,24.450000000000003,28.35,0.0,0.0,2.5,0.0,0.0,0.0,0.0,0.0,0.0
247,16.7,21.1,23.9,25.6,30.6,35.0,21.950000000000003,25.25,28.9,0.0,0.0,3.0,0.0,0.0,0.0,0.0,0.0,0.0
248,16.1,19.4,24.4,25.6,29.4,32.8,20.549999999999997,24.700000000000003,28.900000000000002,0.0,0.0,9.4,0.0,0.0,0.0,0.0,0.0,0.0
249,15.6,18.3,23.3,24.4,28.3,34.4,19.7,23.65,28.049999999999997,0.0,0.0,26.9,0.0,0.0,0.0,0.0,0.0,0.0
250,15.6,18.9,22.8,25.0,28.9,34.4,20.6,23.6,27.5,0.0,0.0,6.4,0.0,0.0,0.0,0.0,0.0,0.0
251,15.0,19.4,22.2,24.4,28.9,33.3,19.7,23.9,27.75,0.0,0.0,9.4,0.0,0.0,0.0,0.0,0.0,0.0
252,13.9,19.4,22.2,23.3,27.8,32.2,19.15,23.9,26.1,0.0,0.0,16.3,0.0,0.0,0.0,0.0,0.0,0.0
253,15.0,20.0,22.8,23.9,28.3,32.2,20.0,24.15,26.7,0.0,0.0,5.1,0.0,0.0,0.0,0.0,0.0,0.0
254,13.9,18.3,22.2,24.4,27.2,31.7,19.450000000000003,23.05,26.7,0.0,0.0,1.0,0.0,0.0,0.0,0.0,0.0,0.0
255,16.1,18.3,21.7,23.3,27.2,31.1,20.3,22.799999999999997,26.4,0.0,0.0,4.1,0.0,0.0,0.0,0.0,0.0,0.0
256,15.6,17.2,21.7,24.4,28.3,32.2,20.85,23.049999999999997,26.4,0.0,0.0,3.0,0.0,0.0,0.0,0.0,0.0,0.0
257,13.3,18.9,22.2,23.3,27.8,32.8,18.3,23.299999999999997,27.200000000000003,0.0,0.0,3.8,0.0,0.0,0.0,0.0,0.0,0.0
258,12.8,17.8,22.2,21.7,27.8,32.2,18.6,23.05,27.200000000000003,0.0,0.0,4.3,0.0,0.0,0.0,0.0,0.0,0.0
259,11.7,17.2,21.1,20.0,25.6,32.2,17.5,21.4,26.349999999999998,0.0,0.0,17.0,0.0,0.0,0.0,0.0,0.0,0.0
260,12.2,17.2,21.7,21.7,26.1,30.0,17.2,21.1,24.7,0.0,0.0,9.9,0.0,0.0,0.0,0.0,0.0,0.0
261,12.8,17.8,21.1,22.8,26.7,29.4,17.5,22.200000000000003,25.0,0.0,0.0,8.4,0.0,0.0,0.0,0.0,0.0,0.0
262,13.3,16.1,20.6,21.1,26.1,30.6,18.05,22.2,25.25,0.0,0.0,0.0,0.0,0.0,0.0,0.0,0.0,0.0
263,12.8,17.8,20.6,22.2,26.7,30.0,18.049999999999997,21.950000000000003,25.0,0.0,0.0,0.0,0.0,0.0,0.0,0.0,0.0,0.0
264,12.2,17.8,20.6,21.1,26.7,31.1,17.200000000000003,22.25,25.25,0.0,0.0,5.8,0.0,0.0,0.0,0.0,0.0,0.0
265,11.7,17.8,21.1,22.8,26.7,30.6,16.4,22.5,25.3,0.0,0.0,16.0,0.0,0.0,0.0,0.0,0.0,0.0
266,12.2,16.1,21.1,20.6,25.0,32.2,16.65,20.549999999999997,26.15,0.0,0.0,24.6,0.0,0.0,0.0,0.0,0.0,0.0
267,11.1,16.1,20.0,20.6,23.9,28.9,16.7,19.700000000000003,24.700000000000003,0.0,0.0,7.4,0.0,0.0,0.0,0.0,0.0,0.0
268,11.7,16.1,20.6,20.0,25.0,28.9,16.95,20.0,23.9,0.0,0.0,7.9,0.0,0.0,0.0,0.0,0.0,0.0
269,12.8,16.7,20.6,18.3,25.0,30.0,15.85,20.6,25.3,0.0,0.0,14.5,0.0,0.0,0.0,0.0,0.0,0.0
270,12.2,16.7,20.6,22.8,25.6,29.4,18.6,21.65,24.700000000000003,0.0,0.0,6.9,0.0,0.0,0.0,0.0,0.0,0.0
271,12.8,17.2,20.0,21.7,26.7,28.9,16.950000000000003,21.65,23.85,0.0,0.0,16.5,0.0,0.0,0.0,0.0,0.0,0.0
272,12.2,14.4,18.9,20.0,23.3,26.7,15.549999999999999,19.45,21.95,0.0,0.0,8.9,0.0,0.0,0.0,0.0,0.0,0.0
273,10.0,13.9,19.4,18.9,23.3,26.1,15.0,18.85,21.9,0.0,0.0,8.1,0.0,0.0,0.0,0.0,0.0,0.0
274,10.6,13.3,17.8,17.8,23.3,27.8,15.55,18.299999999999997,22.25,0.0,0.0,7.4,0.0,0.0,0.0,0.0,0.0,0.0
275,8.9,13.3,18.3,16.7,23.3,29.4,12.5,19.45,23.9,0.0,0.0,10.9,0.0,0.0,0.0,0.0,0.0,0.0
276,9.4,14.4,20.0,15.0,25.6,30.0,12.2,20.55,24.450000000000003,0.0,0.0,2.3,0.0,0.0,0.0,0.0,0.0,0.0
277,10.0,14.4,20.0,13.9,24.4,28.9,12.2,19.45,24.75,0.0,0.0,3.6,0.0,0.0,0.0,0.0,0.0,0.0
278,8.9,14.4,19.4,17.8,23.9,28.3,13.6,19.4,23.9,0.0,0.0,0.5,0.0,0.0,0.0,0.0,0.0,0.0
279,9.4,13.9,20.0,18.9,22.8,28.3,13.65,18.6,24.200000000000003,0.0,0.0,0.8,0.0,0.0,0.0,0.0,0.0,0.0
280,8.3,13.3,18.9,15.6,23.9,28.9,11.9,19.700000000000003,23.85,0.0,0.0,2.8,0.0,0.0,0.0,0.0,0.0,0.0
281,7.8,12.8,18.9,16.7,21.7,28.3,12.25,17.799999999999997,22.75,0.0,0.0,6.4,0.0,0.0,0.0,0.0,0.0,0.0
282,7.8,12.2,18.3,17.2,21.7,29.4,13.35,17.5,23.6,0.0,0.0,3.3,0.0,0.0,0.0,0.0,0.0,0.0
283,9.4,13.3,18.3,18.9,21.7,28.3,14.2,17.5,23.35,0.0,0.0,2.0,0.0,0.0,0.0,0.0,0.0,0.0
284,8.3,12.8,18.3,17.2,21.7,25.0,13.9,17.5,20.0,0.0,0.0,17.3,0.0,0.0,0.0,0.0,0.0,0.0
285,7.8,12.2,17.2,18.3,22.2,25.6,13.6,16.950000000000003,20.0,0.0,0.0,5.8,0.0,0.0,0.0,0.0,0.0,0.0
286,8.3,12.8,15.6,16.7,22.2,26.1,13.05,16.950000000000003,20.3,0.0,0.0,3.0,0.0,0.0,0.0,0.0,0.0,0.0
287,8.9,11.7,16.1,16.1,21.7,27.2,12.25,16.65,20.8,0.0,0.0,11.4,0.0,0.0,0.0,0.0,0.0,0.0
288,6.7,10.0,16.1,16.7,21.1,26.7,11.95,15.85,21.4,0.0,0.0,4.6,0.0,0.0,0.0,0.0,0.0,0.0
289,7.2,10.6,14.4,17.2,20.0,25.0,11.95,15.549999999999999,20.0,0.0,0.0,7.6,0.0,0.0,0.0,0.0,0.0,0.0
290,6.1,10.0,15.0,15.6,18.9,25.0,11.4,14.200000000000001,20.8,0.0,0.0,3.0,0.0,0.0,0.0,0.0,0.0,0.0
291,4.4,8.9,13.9,15.0,20.0,26.1,10.0,14.45,19.15,0.0,0.0,0.3,0.0,0.0,0.0,0.0,0.0,0.0
292,5.6,9.4,15.0,14.4,20.0,24.4,10.55,15.549999999999999,19.15,0.0,0.0,6.9,0.0,0.0,0.0,0.0,0.0,0.0
293,6.7,10.6,13.3,15.0,20.0,25.0,11.4,15.25,18.85,0.0,0.0,5.3,0.0,0.0,0.0,0.0,0.0,0.0
294,6.7,9.4,12.8,16.1,21.1,25.6,11.95,15.25,18.9,0.0,0.0,3.8,0.0,0.0,0.0,0.0,0.0,0.0
295,5.6,10.0,12.8,13.9,18.3,26.1,10.3,13.899999999999999,19.450000000000003,0.0,0.0,4.6,0.0,0.0,0.0,0.0,0.0,0.0
296,4.4,7.8,13.3,12.8,19.4,25.6,8.9,13.9,19.700000000000003,0.0,0.0,0.5,0.0,0.0,0.0,0.0,0.0,0.0
297,5.0,8.3,14.4,12.2,20.0,24.4,8.899999999999999,14.399999999999999,18.6,0.0,0.0,10.2,0.0,0.0,0.0,0.0,0.0,0.0
298,4.4,9.4,14.4,13.3,17.8,24.4,8.600000000000001,13.9,19.2,0.0,0.0,15.2,0.0,0.0,0.0,0.0,0.0,0.0
299,5.6,9.4,15.0,13.9,17.8,22.8,9.7,13.6,18.65,0.0,0.0,11.4,0.0,0.0,0.0,0.0,0.0,0.0
300,6.1,9.4,15.0,13.3,18.3,23.3,10.8,13.6,18.3,0.0,0.0,32.3,0.0,0.0,0.0,0.0,0.0,0.0
301,5.0,9.4,13.9,11.7,17.8,22.8,8.1,13.35,18.9,0.0,0.0,6.6,0.0,0.0,0.0,0.0,0.0,0.0
302,2.8,7.8,13.3,11.7,16.7,21.1,7.8,12.5,15.850000000000001,0.0,0.0,29.2,0.0,0.0,0.0,0.0,0.0,0.0
303,3.9,6.1,13.9,12.8,18.3,25.6,7.5,12.2,18.9,0.0,0.0,7.9,0.0,0.0,0.0,0.0,0.0,0.0
304,3.9,8.3,13.3,12.8,18.9,22.8,8.9,13.35,18.05,0.0,0.0,0.3,0.0,0.0,0.0,0.0,0.0,0.0
305,5.0,8.9,13.9,12.2,17.8,24.4,8.899999999999999,13.3,19.15,0.0,0.0,8.4,0.0,0.0,0.0,0.0,0.0,0.0
306,3.3,7.8,12.8,11.7,16.7,22.8,7.199999999999999,12.25,18.05,0.0,0.0,4.6,0.0,0.0,0.0,0.0,0.0,0.0
307,3.3,6.7,13.3,11.1,17.8,22.8,7.5,12.200000000000001,18.05,0.0,0.0,0.8,0.0,0.0,0.0,0.0,0.0,0.0
308,2.2,6.7,10.6,11.1,15.0,21.7,7.25,10.85,15.3,0.0,0.0,1.8,0.0,0.0,0.0,0.0,0.0,0.0
309,1.7,6.7,12.8,10.6,16.7,23.9,6.65,11.149999999999999,18.3,0.0,0.0,3.8,0.0,0.0,0.0,0.0,0.0,0.0
310,2.2,7.8,15.6,11.1,16.1,25.0,7.5,11.4,18.6,0.0,0.0,3.3,0.0,0.0,0.0,0.0,0.0,0.0
311,3.3,6.7,13.3,10.6,17.2,23.3,7.25,11.4,18.05,0.0,0.0,6.9,0.0,0.0,0.0,0.0,0.0,0.0
312,2.2,6.1,12.2,9.4,16.7,22.2,6.65,12.5,16.35,0.0,0.0,2.8,0.0,0.0,0.0,0.0,0.0,0.0
313,1.1,6.7,10.6,8.9,16.1,21.7,6.1,11.7,16.1,0.0,0.0,4.8,0.0,0.0,0.0,0.0,0.0,0.0
314,0.6,5.6,10.6,10.0,17.2,22.8,5.85,11.95,16.1,0.0,0.0,4.3,0.0,0.0,0.0,0.0,0.0,0.0
315,0.6,6.1,13.3,8.9,16.1,21.7,4.2,11.399999999999999,17.200000000000003,0.0,0.0,16.3,0.0,0.0,0.0,0.0,0.0,0.0
316,0.0,5.6,10.0,10.0,13.9,20.0,5.85,8.9,14.149999999999999,0.0,0.0,17.0,0.0,0.0,0.0,0.0,0.0,0.0
317,0.0,4.4,9.4,5.0,12.8,18.3,3.6,8.850000000000001,13.05,0.0,0.0,8.6,0.0,0.0,0.0,0.0,0.0,0.0
318,0.6,3.3,11.1,5.6,13.3,18.9,3.35,8.6,15.0,0.0,0.0,4.6,0.0,0.0,0.0,0.0,0.0,0.0
319,0.0,5.0,9.4,8.3,15.0,21.7,4.15,10.0,15.8,0.0,0.0,18.8,0.0,0.0,0.0,0.0,0.0,0.0
320,-0.6,5.0,10.0,8.3,12.8,21.1,5.0,10.0,15.549999999999999,0.0,0.0,12.2,0.0,0.0,0.0,0.0,0.0,0.0
321,-0.6,4.4,8.3,8.3,12.8,18.3,5.0,8.35,13.05,0.0,0.0,0.3,0.0,0.0,0.0,0.0,0.0,0.0
322,-1.0,3.9,7.8,7.2,12.8,21.1,3.3000000000000003,8.05,13.05,0.0,0.0,2.0,0.0,0.0,0.0,0.0,0.0,0.0
323,-1.7,3.9,11.1,8.3,12.8,18.3,4.15,8.05,13.899999999999999,0.0,0.0,3.3,0.0,0.0,0.0,0.0,0.0,0.0
324,0.6,3.9,9.4,8.3,13.9,18.9,5.0,8.6,14.15,0.0,0.0,0.8,0.0,0.0,0.0,0.0,0.0,0.0
325,-1.6,3.9,8.3,6.1,12.8,17.8,3.1,8.35,13.9,0.0,0.0,1.8,0.0,0.0,0.0,0.0,0.0,0.0
326,-1.6,3.3,10.0,6.1,13.3,17.2,2.5,8.65,13.049999999999999,0.0,0.0,4.6,0.0,0.0,0.0,0.0,0.0,0.0
327,-2.1,2.2,7.2,5.0,11.7,17.8,1.4,8.35,12.5,0.0,0.0,7.1,0.0,0.0,0.0,0.0,0.0,0.0
328,-1.1,3.3,8.9,6.7,13.3,18.3,3.3499999999999996,8.3,12.5,0.0,0.0,7.1,0.0,0.0,0.0,0.0,0.0,0.0
329,-1.1,3.3,8.3,7.2,13.9,17.8,3.3499999999999996,8.6,12.5,0.0,0.0,4.3,0.0,0.0,0.0,0.0,0.0,0.0
330,0.0,4.4,9.4,8.9,13.9,19.4,4.75,9.45,14.7,0.0,0.3,12.2,0.0,0.0,0.0,0.0,0.0,0.0
331,-0.5,4.4,7.8,7.2,13.3,17.2,3.85,8.850000000000001,12.25,0.0,0.0,0.8,0.0,0.0,0.0,0.0,0.0,0.0
332,-2.1,3.9,8.3,5.0,13.3,18.9,1.9999999999999998,9.149999999999999,13.600000000000001,0.0,0.0,4.3,0.0,0.0,0.0,0.0,0.0,0.0
333,-1.6,1.7,8.9,6.7,11.1,18.9,2.55,6.4,13.350000000000001,0.0,0.0,4.3,0.0,0.0,0.0,0.0,0.0,0.0
334,-0.6,3.3,8.9,5.6,11.1,18.9,2.25,6.4,13.600000000000001,0.0,0.0,8.1,0.0,0.0,0.0,0.0,0.0,0.0
335,-1.0,2.8,7.8,7.2,10.6,19.4,3.9,6.949999999999999,13.299999999999999,0.0,0.0,12.7,0.0,0.0,0.0,0.0,0.0,0.0
336,-1.7,2.2,6.7,6.1,10.0,15.0,2.75,6.1,10.8,0.0,0.0,10.9,0.0,0.0,0.0,0.0,0.0,0.0
337,-2.2,1.7,6.7,5.6,11.7,16.7,0.5499999999999998,7.25,12.2,0.0,0.0,1.3,0.0,0.0,0.0,0.0,0.0,0.0
338,-1.7,2.8,7.8,5.6,10.0,20.0,1.65,6.4,12.75,0.0,0.0,1.5,0.0,0.0,0.0,0.0,0.0,0.0
339,-2.2,1.1,8.9,3.3,9.4,20.0,1.1,5.25,14.45,0.0,0.0,17.3,0.0,0.0,2.8,0.0,0.0,0.0
340,-3.3,1.7,7.8,1.7,7.8,17.8,-0.7999999999999999,5.0,13.600000000000001,0.0,0.0,12.2,0.0,0.0,0.0,0.0,0.0,30.100000000000072
341,-3.3,0.6,8.9,2.8,7.2,15.6,0.0,4.15,11.95,0.0,0.0,4.1,0.0,0.0,0.0,0.0,0.0,25.0
342,-3.3,1.7,6.7,1.7,7.8,15.0,-0.25,4.45,10.85,0.0,0.0,7.6,0.0,0.0,0.0,0.0,0.0,0.0
343,-3.3,0.6,5.0,2.8,7.2,11.7,-0.25,4.15,8.35,0.0,0.0,16.8,0.0,0.0,0.3,0.0,0.0,2.5000000000000355
344,-3.2,0.6,6.1,3.9,9.4,17.2,0.25,5.0,10.55,0.0,0.0,7.1,0.0,0.0,0.0,0.0,0.0,0.0
345,-3.2,1.7,5.6,5.6,8.9,17.2,1.15,6.1,10.55,0.0,0.0,19.1,0.0,0.0,0.0,0.0,0.0,0.0
346,-2.7,1.1,5.0,4.4,8.3,13.3,1.1,5.25,9.15,0.0,0.0,0.3,0.0,0.0,0.0,0.0,0.0,0.0
347,-4.75,0.6,6.7,2.8,7.8,12.2,-1.0500000000000003,4.45,9.45,0.0,0.0,10.9,0.0,0.0,0.0,0.0,0.0,0.0
348,-2.7,1.1,5.0,3.3,8.3,15.0,0.5499999999999999,5.0,8.65,0.0,0.0,17.3,0.0,0.0,0.0,0.0,0.0,0.0
349,-3.9,1.1,5.6,3.3,10.6,17.2,-1.65,6.1,10.850000000000001,0.0,0.0,6.6,0.0,0.0,0.0,0.0,0.0,0.0
350,-4.4,1.7,6.1,3.9,9.4,14.4,1.4,6.3500000000000005,9.45,0.0,0.0,15.2,0.0,0.0,0.0,0.0,0.0,0.0
351,-2.2,0.6,6.7,4.4,10.0,15.6,1.45,5.0,10.25,0.0,0.0,10.7,0.0,0.0,0.0,0.0,0.0,0.0
352,-2.8,0.0,6.1,3.3,7.8,14.4,0.7999999999999999,4.45,10.799999999999999,0.0,0.0,2.5,0.0,0.0,0.0,0.0,0.0,0.0
353,-3.9,-0.75,3.3600000000000008,2.6900000000000004,6.95,13.950000000000001,-0.6049999999999998,3.4749999999999996,7.5,0.0,0.0,4.980000000000005,0.0,0.0,0.3200000000000003,0.0,0.0,0.0
354,-4.569999999999999,-0.6,5.110000000000001,-0.6,6.4,15.65,-2.5849999999999995,3.6,9.45,0.0,0.0,3.1600000000000095,0.0,0.0,0.0,0.0,0.0,0.0
355,-5.109999999999999,0.0,7.8500000000000005,3.1900000000000004,7.8,15.110000000000001,-0.40999999999999964,4.025,11.480000000000002,0.0,0.0,2.5500000000000007,0.0,0.0,0.0,0.0,0.0,0.0
356,-3.9499999999999997,0.8500000000000001,7.8,2.2,9.15,16.7,-0.8049999999999998,5.85,10.990000000000002,0.0,0.0,8.640000000000008,0.0,0.0,0.0,0.0,0.0,0.0
357,-6.859999999999999,0.55,6.7,2.1500000000000004,10.25,17.8,-2.0399999999999996,5.725,11.755,0.0,0.0,8.820000000000022,0.0,0.0,0.0,0.0,0.0,0.0
358,-4.4,0.8500000000000001,5.6,0.9900000000000004,8.600000000000001,15.170000000000002,-1.2099999999999995,5.7,10.610000000000001,0.0,0.0,12.8,0.0,0.0,0.0,0.0,0.0,0.0
359,-5.56,-0.5,4.7400000000000055,0.6,7.5,16.1,-2.51,3.2,10.420000000000002,0.0,0.0,12.630000000000004,0.0,0.0,0.0,0.0,0.0,0.0
360,-5.06,-0.5,6.16,1.0500000000000003,6.95,12.26,-1.9799999999999998,3.2,8.46,0.0,0.0,3.330000000000007,0.0,0.0,0.0,0.0,0.0,0.0
361,-4.46,1.4,4.290000000000005,1.5900000000000003,8.600000000000001,15.06,-1.7049999999999998,5.25,9.56,0.0,0.0,2.440000000000006,0.0,0.0,0.0,0.0,0.0,0.0
362,-4.069999999999999,1.4,6.750000000000001,2.1500000000000004,10.3,14.520000000000001,-0.7199999999999993,5.275,10.855000000000002,0.0,0.0,6.52000000000001,0.0,0.0,0.0,0.0,0.0,0.0
363,-2.3699999999999997,1.4,7.310000000000001,4.130000000000002,10.3,14.520000000000001,1.6000000000000012,6.0,10.280000000000001,0.0,0.0,9.010000000000005,0.0,0.0,0.0,0.0,0.0,0.0
364,-5.05,1.4,6.750000000000001,0.6,8.9,17.2,-2.225,5.425,11.155000000000001,0.0,0.0,3.8,0.0,0.0,0.0,0.0,0.0,0.0
365,-5.6499999999999995,1.6500000000000001,6.16,2.2,9.7,15.110000000000001,-1.7499999999999996,5.675000000000001,10.350000000000001,0.0,0.0,5.130000000000007,0.0,0.0,0.0,0.0,0.0,0.0
