DOY_365,Tmin_C_p10,Tmin_C_p50,Tmin_C_p90,Tmax_C_p10,Tmax_C_p50,Tmax_C_p90,Tavg_C_p10,Tavg_C_p50,Tavg_C_p90,PRCP_mm_p10,PRCP_mm_p50,PRCP_mm_p90,SNOW_mm_p10,SNOW_mm_p50,SNOW_mm_p90,SNWD_mm_p10,SNWD_mm_p50,SNWD_mm_p90
1,-6.359999999999999,2.2,5.6,1.2200000000000002,9.4,16.48,-2.63,6.1,10.81,0.0,0.0,9.260000000000007,0.0,0.0,0.0,0.0,0.0,0.0
2,-5.88,0.6,5.48,1.0400000000000003,8.3,15.48,-2.09,5.0,8.5,0.0,0.0,7.640000000000003,0.0,0.0,0.0,0.0,0.0,0.0
3,-6.58,0.0,7.460000000000001,1.2200000000000002,7.8,18.68,-2.5,3.8500000000000005,12.780000000000001,0.0,0.0,12.14,0.0,0.0,0.0,0.0,0.0,0.0
4,-6.1,-1.1,8.680000000000001,1.1,6.1,19.4,-2.8299999999999996,2.5,14.59,0.0,0.0,2.200000000000001,0.0,0.0,0.0,0.0,0.0,0.0
5,-7.76,-1.0,7.240000000000002,0.6,6.1,16.200000000000003,-3.58,3.6,10.440000000000001,0.0,0.0,3.8400000000000007,0.0,0.0,0.0,0.0,0.0,0.0
6,-7.58,0.0,5.660000000000001,1.2200000000000002,6.1,15.260000000000002,-1.9999999999999998,2.5,9.34,0.0,0.0,14.8,0.0,0.0,0.45000000000000107,0.0,0.0,29.50000000000001
7,-8.06,-0.6,4.560000000000001,-2.36,5.6,16.76,-5.1000000000000005,3.0999999999999996,10.82,0.0,0.0,5.6000000000000005,0.0,0.0,0.0,0.0,0.0,45.00000000000011
8,-7.02,-1.1,3.7800000000000002,-0.58,6.1,13.3,-3.74,3.05,7.75,0.0,0.0,4.9,0.0,0.0,0.9000000000000021,0.0,0.0,29.50000000000001
9,-5.0,-0.6,4.780000000000001,1.1,8.3,17.1,-1.8,3.85,9.69,0.0,0.0,6.44,0.0,0.0,0.7200000000000017,0.0,0.0,27.000000000000064
10,-7.02,0.0,5.48,0.22000000000000022,9.4,13.780000000000001,-3.4899999999999998,3.85,9.34,0.0,0.0,12.280000000000006,0.0,0.0,0.0,0.0,0.0,0.0
11,-5.92,0.0,4.880000000000001,0.22000000000000022,7.8,15.0,-2.69,4.15,9.83,0.0,0.0,4.2,0.0,0.0,0.0,0.0,0.0,0.0
12,-4.4799999999999995,1.1,7.580000000000001,1.8,10.6,16.76,-0.2399999999999998,5.25,10.24,0.0,0.0,9.200000000000001,0.0,0.0,0.0,0.0,0.0,0.0
13,-5.0,-0.5,6.58,3.02,11.1,16.7,0.02000000000000024,5.800000000000001,11.450000000000001,0.0,0.0,5.440000000000002,0.0,0.0,0.0,0.0,0.0,0.0
14,-5.0,-2.1,6.48,0.6,8.3,16.98,-1.8899999999999997,3.35,9.780000000000001,0.0,0.0,6.880000000000003,0.0,0.0,0.0,0.0,0.0,0.0
15,-6.68,-2.2,3.6800000000000006,0.7000000000000001,5.6,13.56,-2.65,2.2,7.1499999999999995,0.0,0.0,9.940000000000001,0.0,0.0,0.0,0.0,0.0,0.0
16,-6.68,-0.6,2.8,0.5600000000000005,6.7,13.780000000000001,-3.0199999999999996,3.3499999999999996,7.9399999999999995,0.0,0.0,0.9600000000000002,0.0,0.0,0.27000000000000063,0.0,0.0,0.0
17,-8.200000000000001,0.0,4.300000000000001,-0.9199999999999999,6.1,11.48,-4.54,3.4,7.24,0.0,0.0,5.94,0.0,0.0,0.7700000000000007,0.0,0.0,29.50000000000001
18,-8.6,-1.0,2.8,-2.899999999999999,5.6,14.88,-6.129999999999999,2.75,8.49,0.0,0.0,8.400000000000002,0.0,0.0,0.0,0.0,0.0,22.500000000000053
19,-7.68,-1.6,2.68,-0.35999999999999976,7.2,12.680000000000001,-3.2,3.4,6.9,0.0,0.0,9.000000000000002,0.0,0.0,0.7200000000000017,0.0,0.0,0.0
20,-7.2,-2.2,3.7800000000000002,-0.58,5.0,14.660000000000002,-3.8,2.25,7.950000000000001,0.0,0.0,5.04,0.0,0.0,0.7200000000000017,0.0,0.0,22.500000000000053
21,-8.290000000000001,-4.35,1.1,-2.54,3.5999999999999996,10.540000000000001,-4.88,-1.1,5.045000000000001,0.0,0.0,4.340000000000005,0.0,0.0,1.8,0.0,0.0,25.0
22,-8.9,-3.8,2.2,-3.6399999999999997,4.7,11.1,-6.450000000000001,0.025000000000000133,6.615000000000002,0.0,0.0,4.700000000000002,0.0,0.0,0.0,0.0,0.0,25.0
23,-9.39,-1.65,3.9,-2.19,6.4,11.64,-5.775,2.8,7.670000000000002,0.0,0.0,16.950000000000003,0.0,0.0,0.0,0.0,0.0,51.0
24,-8.190000000000001,0.0,3.3,-1.5299999999999998,8.05,14.350000000000001,-4.42,3.3499999999999996,8.795000000000002,0.0,0.0,11.540000000000013,0.0,0.0,0.0,0.0,0.0,25.0
25,-7.15,-1.05,4.780000000000005,1.1600000000000001,6.1,12.690000000000003,-2.71,2.7,8.025000000000002,0.0,0.0,7.000000000000002,0.0,0.0,0.8,0.0,0.0,50.0
26,-5.6,-1.7,4.180000000000005,1.1600000000000001,6.15,13.250000000000002,-2.25,1.8250000000000002,8.460000000000004,0.0,0.0,1.750000000000001,0.0,0.0,0.3,0.0,0.0,30.0
27,-6.5,-0.6,3.3,-0.6,7.2,16.64,-3.01,3.65,10.170000000000002,0.0,0.0,9.44000000000001,0.0,0.0,0.0,0.0,0.0,100.0
28,-8.08,-0.75,4.4,0.7100000000000001,7.8,14.4,-3.825,3.4749999999999996,10.495000000000006,0.0,0.0,7.08,0.0,0.0,0.5,0.0,0.0,100.0
29,-7.15,-1.4,5.0,0.6,5.55,17.580000000000005,-2.72,1.7249999999999999,10.215000000000003,0.0,0.0,1.750000000000001,0.0,0.0,0.0,0.0,0.0,102.0
30,-7.7,-1.7,4.4,0.0,6.1,16.1,-3.85,1.45,10.55,0.0,0.0,8.4,0.0,0.0,2.5,0.0,0.0,76.0
31,-6.6,-1.7,3.9,1.1,6.7,13.9,-2.25,2.5,8.9,0.0,0.0,7.1,0.0,0.0,0.0,0.0,0.0,80.0
32,-6.55,-1.1,4.290000000000003,1.1600000000000001,8.05,16.05,-1.8949999999999998,3.6000000000000005,9.335000000000003,0.0,0.0,2.5,0.0,0.0,0.5,0.0,0.0,56.10000000000007
33,-7.19,0.0,2.740000000000001,2.8499999999999996,9.4,13.790000000000003,-1.295,4.175,7.970000000000002,0.0,0.0,5.1,0.0,0.0,0.5,0.0,0.0,53.500000000000036
34,-4.4,-0.8,5.0,2.2600000000000002,6.4,15.880000000000006,-1.025,2.925,10.170000000000002,0.0,0.0,12.7,0.0,0.0,0.0,0.0,0.0,78.60000000000004
35,-4.94,-0.25,5.6,2.2600000000000002,6.95,17.69,-1.285,4.324999999999999,10.990000000000002,0.0,0.0,16.8,0.0,0.0,0.3,0.0,0.0,32.70000000000011
36,-9.07,0.6,3.840000000000001,-1.8099999999999998,6.15,14.890000000000002,-5.799999999999999,3.5,8.840000000000002,0.0,0.0,8.9,0.0,0.0,0.0,0.0,0.0,30.100000000000072
37,-8.290000000000001,-0.6,3.9,1.81,8.3,14.350000000000001,-2.9899999999999998,4.475,8.290000000000003,0.0,0.0,18.5,0.0,0.0,0.0,0.0,0.0,78.60000000000004
38,-5.81,-0.25,4.4,3.3,8.35,15.0,-1.1799999999999997,4.324999999999999,10.380000000000004,0.0,0.0,8.4,0.0,0.0,0.8,0.0,0.0,81.10000000000008
39,-5.43,0.6,4.290000000000003,1.2700000000000002,6.95,19.290000000000003,-2.05,4.025,11.795000000000002,0.0,0.0,2.8,0.0,0.0,0.0,0.0,0.0,53.500000000000036
40,-6.59,-0.8,4.890000000000002,2.2,9.4,16.05,-1.5849999999999997,4.05,11.290000000000001,0.0,0.0,1.8,0.0,0.0,0.0,0.0,0.0,53.500000000000036
41,-4.8500000000000005,0.6,4.940000000000001,2.37,8.600000000000001,16.530000000000005,-0.9949999999999998,4.725,9.675,0.0,0.0,5.8,0.0,0.0,0.3,0.0,0.0,25.0
42,-5.59,0.0,6.920000000000006,2.2600000000000002,7.75,18.19,-1.6549999999999998,3.7500000000000004,10.52,0.0,0.0,10.9,0.0,0.0,0.3,0.0,0.0,2.5000000000000355
43,-6.4399999999999995,-1.1,6.530000000000004,0.6,6.1,16.590000000000003,-2.145,2.225,11.585000000000003,0.0,0.0,12.2,0.0,0.0,0.3,0.0,0.0,15.000000000000213
44,-6.92,-0.8500000000000001,2.740000000000001,1.1,7.5,13.730000000000004,-2.58,3.0749999999999997,7.915000000000004,0.0,0.0,11.4,0.0,0.0,0.5,0.0,0.0,55.200000000000074
45,-6.1,-0.3,2.8,3.41,7.5,15.370000000000005,-1.045,3.525,9.115000000000002,0.0,0.0,10.2,0.0,0.0,0.3,0.0,0.0,51.0
46,-6.54,0.6,8.080000000000005,1.7,7.75,18.080000000000005,-1.6500000000000001,4.025,12.940000000000008,0.0,0.0,8.9,0.0,0.0,0.3,0.0,0.0,50.1
47,-6.92,0.0,4.940000000000001,1.75,8.3,18.9,-2.385,5.199999999999999,11.399999999999999,0.0,0.0,11.9,0.0,0.0,0.0,0.0,0.0,50.1
48,-7.409999999999999,0.0,4.890000000000002,1.2100000000000002,6.95,17.15,-3.125,3.625,9.690000000000001,0.0,0.0,9.9,0.0,0.0,0.3,0.0,0.0,132.20000000000005
49,-5.6,-1.0,5.990000000000002,1.86,9.15,20.0,-1.8949999999999998,3.5,10.525000000000002,0.0,0.0,6.4,0.0,0.0,0.8,0.0,0.0,55.90000000000007
50,-6.63,-0.5,4.4,2.91,10.0,16.590000000000003,-2.615,4.45,9.72,0.0,0.0,1.8,0.0,0.0,0.0,0.0,0.0,32.50000000000011
51,-4.1499999999999995,1.1,7.6300000000000034,2.2600000000000002,9.7,18.84,-0.525,5.3,12.685000000000002,0.0,0.0,1.5,0.0,0.0,0.0,0.0,0.0,30.500000000000078
52,-3.9,0.0,7.2,3.9,10.6,18.9,0.050000000000000044,5.8500000000000005,12.5,0.0,0.0,3.6,0.0,0.0,0.0,0.0,0.0,53.00000000000004
53,-3.16,1.7,6.1,2.2600000000000002,11.1,17.740000000000002,0.28000000000000014,6.0,12.190000000000001,0.0,0.3,6.9,0.0,0.0,0.0,0.0,0.0,2.5000000000000355
54,-3.9,1.9500000000000002,7.740000000000001,5.0,9.15,19.240000000000002,1.65,5.675000000000001,13.745000000000003,0.0,0.0,3.3,0.0,0.0,0.0,0.0,0.0,3.0000000000000426
55,-4.24,0.6,7.5800000000000045,4.07,11.7,18.19,0.11500000000000009,5.550000000000001,11.944999999999999,0.0,0.0,7.9,0.0,0.0,0.0,0.0,0.0,0.0
56,-2.8,0.6,6.5900000000000025,3.95,10.85,20.480000000000004,1.36,6.5249999999999995,11.865000000000002,0.0,0.0,4.8,0.0,0.0,0.0,0.0,0.0,0.0
57,-2.7,1.1,6.1,3.9,10.0,16.1,1.4,5.85,11.4,0.0,0.0,3.6,0.0,0.0,0.0,0.0,0.0,3.0000000000000426
58,-3.69,1.7,7.0900000000000025,4.4,11.95,17.8,0.15499999999999994,7.375,12.475000000000001,0.0,0.0,6.9,0.0,0.0,0.0,0.0,0.0,0.0
59,-3.0199999999999996,2.2,7.320000000000002,2.8,10.6,18.9,0.48999999999999994,7.25,12.5,0.0,0.0,10.880000000000022,0.0,0.0,0.0,0.0,0.0,0.0
60,-3.3,2.2,7.8,4.4,11.1,20.6,1.4499999999999997,6.3999999999999995,11.700000000000001,0.0,0.0,7.3000000000000025,0.0,0.0,0.3,0.0,0.0,0.0
61,-0.59,2.2,8.620000000000006,4.5200000000000005,12.2,19.240000000000002,2.005,7.799999999999999,11.95,0.0,1.05,11.570000000000002,0.0,0.0,0.0,0.0,0.0,2.5000000000000355
62,-4.89,1.7,7.0900000000000025,3.95,10.0,18.3,-0.525,6.25,12.245000000000001,0.0,0.0,9.350000000000001,0.0,0.0,0.0,0.0,0.0,0.0
63,-5.989999999999999,1.1,7.520000000000006,5.06,8.600000000000001,18.080000000000005,0.3350000000000001,4.875,12.500000000000005,0.0,0.0,7.070000000000011,0.0,0.0,0.0,0.0,0.0,0.0
64,-4.199999999999999,1.7,6.980000000000005,6.75,10.85,18.9,1.7049999999999998,5.85,11.92,0.0,0.0,10.44000000000002,0.0,0.0,0.0,0.0,0.0,0.0
65,-3.83,1.95,7.970000000000008,2.37,12.75,17.8,-0.44999999999999996,7.1,11.625,0.0,0.0,11.290000000000008,0.0,0.0,0.0,0.0,0.0,0.0
66,-3.8899999999999997,3.3,6.6400000000000015,7.26,12.25,21.1,1.2050000000000003,8.2,13.59,0.0,0.0,3.6700000000000026,0.0,0.0,0.0,0.0,0.0,0.0
67,-4.13,1.9500000000000002,9.780000000000005,5.28,14.45,23.19,2.6950000000000003,8.05,16.755000000000003,0.0,0.0,5.230000000000001,0.0,0.0,0.0,0.0,0.0,2.5000000000000355
68,-3.7899999999999996,2.5,8.250000000000002,3.13,15.0,23.3,-0.24499999999999977,8.625,15.750000000000002,0.0,0.0,16.650000000000034,0.0,0.0,0.0,0.0,0.0,0.0
69,-3.25,3.05,12.040000000000003,4.57,12.5,22.740000000000002,0.5800000000000002,7.525,17.47,0.0,0.0,4.8,0.0,0.0,0.0,0.0,0.0,0.0
70,-2.69,3.5999999999999996,9.890000000000002,6.8100000000000005,15.55,22.8,1.51,9.725,15.215000000000002,0.0,0.0,0.45000000000000107,0.0,0.0,0.0,0.0,0.0,0.0
71,-2.09,2.2,9.890000000000002,7.8,14.4,21.7,3.3749999999999996,7.775,14.745,0.0,0.0,8.720000000000004,0.0,0.0,0.0,0.0,0.0,0.0
72,-1.95,3.3,10.480000000000002,6.8100000000000005,12.8,23.680000000000003,2.8999999999999995,9.05,16.345,0.0,0.0,5.57,0.0,0.0,0.0,0.0,0.0,0.0
73,0.0,4.75,8.840000000000002,7.2,15.0,24.94,3.4050000000000002,9.45,16.57,0.0,0.0,10.420000000000005,0.0,0.0,0.0,0.0,0.0,0.0
74,0.0,5.3,10.480000000000002,8.360000000000001,15.0,25.480000000000004,4.4750000000000005,9.725000000000001,18.645,0.0,0.0,5.270000000000007,0.0,0.0,0.0,0.0,0.0,0.0
75,-0.44999999999999996,5.0,10.480000000000002,6.8100000000000005,13.9,23.25,3.435,9.575,16.330000000000002,0.0,0.0,9.540000000000003,0.0,0.0,0.0,0.0,0.0,0.0
76,0.0,4.7,10.0,5.6499999999999995,13.350000000000001,23.25,3.135,8.350000000000001,16.26,0.0,0.0,2.2700000000000005,0.0,0.0,0.0,0.0,0.0,0.0
77,-0.59,4.4,8.9,6.7,14.7,22.15,2.91,9.85,15.55,0.0,0.0,9.270000000000003,0.0,0.0,0.0,0.0,0.0,0.0
78,0.0,3.5999999999999996,10.480000000000002,8.47,13.05,24.35,4.255,8.325,16.57,0.0,0.0,12.370000000000006,0.0,0.0,0.0,0.0,0.0,0.0
79,0.0,4.15,10.540000000000001,8.3,13.3,23.19,4.775,8.2,17.080000000000005,0.0,0.0,12.38,0.0,0.0,0.0,0.0,0.0,0.0
80,0.0,3.9,8.3,5.6,14.4,21.1,3.9,8.65,14.450000000000001,0.0,0.0,26.400000000000027,0.0,0.0,0.0,0.0,0.0,0.0
81,0.0,4.4,8.9,7.2,14.4,21.7,3.9,8.9,14.75,0.0,0.0,0.4800000000000004,0.0,0.0,0.0,0.0,0.0,0.0
82,-0.5399999999999999,3.3499999999999996,9.940000000000001,10.6,12.2,23.730000000000004,5.03,7.225,17.465000000000003,0.0,0.0,10.720000000000004,0.0,0.0,0.0,0.0,0.0,0.0
83,0.6,3.05,9.940000000000001,8.41,14.7,20.540000000000003,4.705,9.575,14.42,0.0,0.0,3.2200000000000015,0.0,0.0,0.0,0.0,0.0,0.0
84,0.06000000000000005,6.1,10.6,8.950000000000001,14.45,23.25,5.0,9.175,15.845,0.0,0.0,7.190000000000005,0.0,0.0,0.0,0.0,0.0,0.0
85,1.1,5.6,9.350000000000001,9.46,15.3,24.240000000000002,5.6049999999999995,10.7,16.245000000000005,0.0,0.0,8.58,0.0,0.0,0.0,0.0,0.0,0.0
86,0.06000000000000005,5.0,10.6,8.9,14.15,22.69,4.279999999999999,9.3,16.145,0.0,0.0,4.150000000000003,0.0,0.0,0.0,0.0,0.0,0.0
87,-0.3899999999999999,7.5,11.05,8.47,16.1,23.3,3.8550000000000004,11.25,17.145,0.0,0.3,13.47,0.0,0.0,0.0,0.0,0.0,0.0
88,2.8,7.25,12.690000000000003,9.52,17.75,25.540000000000003,5.085,12.5,18.735000000000003,0.0,0.0,5.550000000000001,0.0,0.0,0.0,0.0,0.0,0.0
89,2.2,5.85,13.140000000000004,11.75,17.5,25.990000000000002,6.4799999999999995,11.225000000000001,18.545,0.0,0.0,3.550000000000005,0.0,0.0,0.0,0.0,0.0,0.0
90,2.8,6.1,10.6,11.1,16.7,23.9,7.8,11.7,17.25,0.0,0.0,9.9,0.0,0.0,0.0,0.0,0.0,0.0
91,2.8,7.8,12.2,10.6,16.1,23.9,7.75,12.2,17.8,0.0,0.3,7.6,0.0,0.0,0.0,0.0,0.0,0.0
92,3.9,6.7,11.7,10.6,16.7,25.0,7.25,11.950000000000001,16.95,0.0,0.0,3.6,0.0,0.0,0.0,0.0,0.0,0.0
93,2.2,6.7,12.8,12.2,20.6,24.4,7.5,13.899999999999999,19.45,0.0,0.0,14.2,0.0,0.0,0.0,0.0,0.0,0.0
94,2.8,7.2,12.2,12.2,20.0,26.1,9.2,13.6,19.4,0.0,0.0,7.4,0.0,0.0,0.0,0.0,0.0,0.0
95,1.1,6.1,12.8,9.4,15.6,23.3,5.550000000000001,11.4,19.15,0.0,0.0,2.3,0.0,0.0,0.0,0.0,0.0,0.0
96,1.7,6.7,12.2,10.6,17.2,27.8,6.95,11.95,18.9,0.0,0.0,3.8,0.0,0.0,0.0,0.0,0.0,0.0
97,2.8,8.3,11.7,9.4,19.4,25.0,6.35,13.600000000000001,18.65,0.0,0.0,17.3,0.0,0.0,0.0,0.0,0.0,0.0
98,2.2,7.2,11.7,10.6,18.3,26.7,6.949999999999999,12.75,19.2,0.0,0.0,8.9,0.0,0.0,0.0,0.0,0.0,0.0
99,1.1,6.7,11.7,8.3,17.2,27.2,5.55,11.4,20.0,0.0,0.3,9.4,0.0,0.0,0.0,0.0,0.0,0.0
100,2.2,7.2,11.7,11.1,18.3,24.4,6.3999999999999995,12.5,18.05,0.0,0.0,0.8,0.0,0.0,0.0,0.0,0.0,0.0
101,3.9,8.3,15.0,11.7,19.4,27.8,9.2,13.6,21.1,0.0,0.0,8.9,0.0,0.0,0.0,0.0,0.0,0.0
102,5.6,9.4,12.8,13.3,21.1,26.1,9.75,15.55,19.45,0.0,0.0,17.5,0.0,0.0,0.0,0.0,0.0,0.0
103,6.1,9.4,14.4,13.3,20.0,29.4,10.3,13.600000000000001,21.1,0.0,0.0,5.6,0.0,0.0,0.0,0.0,0.0,0.0
104,4.4,8.9,16.7,13.3,20.6,27.8,9.4,14.75,22.25,0.0,0.0,5.6,0.0,0.0,0.0,0.0,0.0,0.0
105,3.3,8.9,16.1,13.9,20.0,28.3,10.25,14.75,22.200000000000003,0.0,0.0,18.3,0.0,0.0,0.0,0.0,0.0,0.0
106,5.0,8.9,15.6,12.8,21.7,29.4,9.45,14.149999999999999,21.65,0.0,0.0,4.6,0.0,0.0,0.0,0.0,0.0,0.0
107,4.4,7.8,15.6,13.3,20.6,26.1,8.85,13.850000000000001,20.55,0.0,0.0,5.6,0.0,0.0,0.0,0.0,0.0,0.0
108,3.9,8.3,13.9,10.6,21.1,29.4,8.049999999999999,14.2,20.85,0.0,0.0,3.6,0.0,0.0,0.0,0.0,0.0,0.0
109,4.4,10.0,15.6,13.9,20.6,28.9,10.55,15.799999999999999,23.05,0.0,0.0,9.4,0.0,0.0,0.0,0.0,0.0,0.0
110,5.6,11.1,16.7,16.7,21.7,27.8,11.95,16.35,21.4,0.0,0.0,2.8,0.0,0.0,0.0,0.0,0.0,0.0
111,5.6,9.4,14.4,14.4,20.0,27.2,11.399999999999999,15.799999999999999,20.55,0.0,0.0,9.1,0.0,0.0,0.0,0.0,0.0,0.0
112,5.6,10.0,14.4,13.9,20.6,28.3,10.0,15.549999999999999,22.5,0.0,0.0,9.1,0.0,0.0,0.0,0.0,0.0,0.0
113,6.7,9.4,13.3,14.4,20.6,27.8,10.8,13.9,20.0,0.0,0.0,7.1,0.0,0.0,0.0,0.0,0.0,0.0
114,5.6,8.9,14.4,16.1,19.4,27.8,11.1,13.9,21.4,0.0,0.0,11.7,0.0,0.0,0.0,0.0,0.0,0.0
115,6.7,10.0,13.9,16.1,20.6,26.7,11.100000000000001,15.0,20.3,0.0,0.0,8.1,0.0,0.0,0.0,0.0,0.0,0.0
116,6.7,10.0,15.0,15.6,20.6,28.3,11.95,15.25,21.95,0.0,0.3,8.4,0.0,0.0,0.0,0.0,0.0,0.0
117,6.7,10.0,12.2,15.6,20.6,26.7,11.649999999999999,15.3,19.45,0.0,0.0,4.3,0.0,0.0,0.0,0.0,0.0,0.0
118,6.1,10.0,16.1,15.0,20.0,28.9,10.85,15.25,21.1,0.0,0.0,14.7,0.0,0.0,0.0,0.0,0.0,0.0
119,6.7,10.0,16.1,15.6,21.7,29.4,12.5,15.25,22.75,0.0,0.0,0.8,0.0,0.0,0.0,0.0,0.0,0.0
120,7.2,10.6,14.4,16.7,21.7,28.3,13.35,16.1,20.8,0.0,0.0,16.0,0.0,0.0,0.0,0.0,0.0,0.0
121,7.85,11.95,16.1,17.85,22.5,28.84,13.35,16.825,22.245,0.0,0.0,3.750000000000001,0.0,0.0,0.0,0.0,0.0,0.0
122,8.9,12.8,17.2,20.0,25.85,30.480000000000004,14.705,18.9,23.095000000000002,0.0,0.0,12.65,0.0,0.0,0.0,0.0,0.0,0.0
123,8.950000000000001,13.600000000000001,18.25,16.16,23.85,28.9,13.459999999999999,18.725,23.875,0.0,0.0,9.1,0.0,0.0,0.0,0.0,0.0,0.0
124,8.41,12.5,18.3,16.7,23.05,28.9,12.5,18.325000000000003,23.87,0.0,0.075,14.18,0.0,0.0,0.0,0.0,0.0,0.0
125,8.3,12.8,17.740000000000002,15.82,22.2,29.290000000000003,12.555,17.225,23.59,0.0,0.25,16.140000000000004,0.0,0.0,0.0,0.0,0.0,0.0
126,8.950000000000001,11.7,18.25,17.2,22.5,28.140000000000004,13.16,17.375,22.965000000000003,0.0,0.0,10.71000000000002,0.0,0.0,0.0,0.0,0.0,0.0
127,7.8,13.05,16.64,18.3,22.5,27.740000000000002,13.105,18.075000000000003,22.94,0.0,0.0,13.120000000000008,0.0,0.0,0.0,0.0,0.0,0.0
128,6.7,13.600000000000001,17.740000000000002,16.86,23.9,30.430000000000003,12.8,18.6,23.295,0.0,0.0,2.9800000000000004,0.0,0.0,0.0,0.0,0.0,0.0
129,8.41,13.3,16.7,17.91,22.8,28.3,13.899999999999999,17.25,23.085000000000004,0.0,0.0,7.930000000000003,0.0,0.0,0.0,0.0,0.0,0.0
130,9.4,13.3,19.240000000000002,18.3,24.4,29.35,13.540000000000001,17.775,23.550000000000004,0.0,0.0,9.820000000000002,0.0,0.0,0.0,0.0,0.0,0.0
131,9.01,13.05,17.8,16.75,25.3,29.94,13.629999999999999,19.150000000000002,23.545,0.0,0.0,10.4,0.0,0.0,0.0,0.0,0.0,0.0
132,9.46,13.600000000000001,18.19,16.16,23.9,30.0,12.555,18.625,24.590000000000003,0.0,0.0,12.180000000000005,0.0,0.0,0.0,0.0,0.0,0.0
133,8.950000000000001,12.2,17.2,16.75,22.2,29.290000000000003,13.05,16.95,23.90500000000001,0.0,0.0,13.18,0.0,0.0,0.0,0.0,0.0,0.0
134,8.41,12.5,17.15,18.36,22.8,27.8,14.254999999999999,17.375,21.810000000000002,0.0,0.0,16.390000000000008,0.0,0.0,0.0,0.0,0.0,0.0
135,10.0,14.7,18.9,20.650000000000002,25.3,30.0,16.424999999999997,20.15,23.32,0.0,0.0,9.920000000000005,0.0,0.0,0.0,0.0,0.0,0.0
136,10.6,14.15,18.9,19.4,26.1,30.540000000000003,14.584999999999999,20.125,24.605000000000004,0.0,0.0,16.470000000000006,0.0,0.0,0.0,0.0,0.0,0.0
137,10.65,15.3,18.9,17.91,23.9,30.540000000000003,14.83,19.175,24.72,0.0,0.0,6.990000000000009,0.0,0.0,0.0,0.0,0.0,0.0
138,10.11,13.9,20.0,16.86,23.35,29.94,13.655000000000001,18.475,24.4,0.0,0.0,13.410000000000013,0.0,0.0,0.0,0.0,0.0,0.0
139,9.46,14.4,19.4,20.6,24.7,33.79,14.535,20.15,26.695000000000004,0.0,0.0,8.800000000000006,0.0,0.0,0.0,0.0,0.0,0.0
140,10.11,14.15,19.94,17.259999999999998,25.55,32.150000000000006,14.475,20.125,26.075000000000003,0.0,0.0,2.550000000000005,0.0,0.0,0.0,0.0,0.0,0.0
141,10.0,13.9,20.0,17.2,25.25,30.0,14.775,19.6,24.89,0.0,0.0,12.99000000000001,0.0,0.0,0.0,0.0,0.0,0.0
142,10.65,15.3,18.9,19.52,25.85,31.7,15.255,20.85,25.0,0.0,0.0,20.270000000000007,0.0,0.0,0.0,0.0,0.0,0.0
143,11.16,15.850000000000001,21.920000000000005,20.11,25.3,29.94,16.65,20.15,25.85000000000001,0.0,0.0,7.140000000000006,0.0,0.0,0.0,0.0,0.0,0.0
144,11.75,14.7,21.050000000000004,19.4,26.7,30.6,16.4,20.85,25.0,0.0,0.0,8.1,0.0,0.0,0.0,0.0,0.0,0.0
145,12.26,16.4,20.540000000000003,21.75,25.85,30.540000000000003,16.974999999999998,21.275,25.565,0.0,0.0,12.870000000000006,0.0,0.0,0.0,0.0,0.0,0.0
146,12.37,16.95,20.6,21.7,26.95,32.8,17.825,22.075,26.6,0.0,0.0,22.01000000000002,0.0,0.0,0.0,0.0,0.0,0.0
147,12.8,18.9,21.1,20.6,27.8,32.09,16.725,23.049999999999997,26.840000000000003,0.0,0.55,7.870000000000001,0.0,0.0,0.0,0.0,0.0,0.0
148,12.850000000000001,17.2,21.1,18.470000000000002,26.7,32.09,15.635,21.799999999999997,26.570000000000004,0.0,0.4,10.220000000000004,0.0,0.0,0.0,0.0,0.0,0.0
149,11.809999999999999,17.8,21.1,18.41,27.8,32.150000000000006,15.605,22.65,26.895,0.0,0.0,12.790000000000004,0.0,0.0,0.0,0.0,0.0,0.0
150,12.309999999999999,17.2,21.7,21.75,26.95,33.19,18.375,22.375,27.200000000000003,0.0,0.0,3.550000000000005,0.0,0.0,0.0,0.0,0.0,0.0
151,10.0,18.3,21.7,22.8,28.3,32.8,17.2,22.5,27.25,0.0,0.0,6.1,0.0,0.0,0.0,0.0,0.0,0.0
152,12.2,18.3,22.2,23.3,29.4,33.3,18.049999999999997,23.05,27.5,0.0,0.0,9.9,0.0,0.0,0.0,0.0,0.0,0.0
153,14.4,17.8,21.7,22.8,28.3,32.2,17.25,23.05,26.400000000000002,0.0,0.0,11.7,0.0,0.0,0.0,0.0,0.0,0.0
154,13.9,17.2,20.6,18.9,27.2,30.0,17.25,21.95,24.75,0.0,0.3,20.1,0.0,0.0,0.0,0.0,0.0,0.0
155,13.9,16.7,21.1,20.6,26.7,31.1,17.25,21.4,25.85,0.0,0.0,10.4,0.0,0.0,0.0,0.0,0.0,0.0
156,14.4,17.2,21.1,21.7,27.8,31.1,18.05,22.5,26.1,0.0,0.0,11.7,0.0,0.0,0.0,0.0,0.0,0.0
157,14.4,17.8,21.7,22.2,27.2,32.8,18.05,22.200000000000003,26.95,0.0,0.0,9.7,0.0,0.0,0.0,0.0,0.0,0.0
158,14.4,17.8,21.7,22.8,27.2,32.2,19.15,22.75,26.4,0.0,0.0,5.8,0.0,0.0,0.0,0.0,0.0,0.0
159,14.4,18.3,22.8,23.9,28.3,33.9,19.15,23.6,28.049999999999997,0.0,0.0,1.5,0.0,0.0,0.0,0.0,0.0,0.0
160,13.9,19.4,23.9,25.0,29.4,33.3,20.0,24.15,28.049999999999997,0.0,0.0,6.9,0.0,0.0,0.0,0.0,0.0,0.0
161,15.6,20.0,23.3,25.0,30.0,33.3,21.4,24.15,27.200000000000003,0.0,0.0,12.2,0.0,0.0,0.0,0.0,0.0,0.0
162,16.1,19.4,22.8,22.8,30.0,33.9,20.0,24.7,27.799999999999997,0.0,0.0,11.4,0.0,0.0,0.0,0.0,0.0,0.0
163,15.6,20.6,22.2,24.4,30.0,33.9,20.0,25.0,28.6,0.0,0.0,9.4,0.0,0.0,0.0,0.0,0.0,0.0
164,16.1,20.0,22.8,26.1,28.3,33.3,21.4,24.200000000000003,28.349999999999998,0.0,0.0,11.2,0.0,0.0,0.0,0.0,0.0,0.0
165,16.7,19.4,23.3,23.3,28.3,32.8,20.25,24.15,28.049999999999997,0.0,0.0,6.9,0.0,0.0,0.0,0.0,0.0,0.0
166,16.1,18.9,23.3,25.6,28.9,31.1,21.4,23.35,26.950000000000003,0.0,0.0,8.1,0.0,0.0,0.0,0.0,0.0,0.0
167,16.1,18.9,22.8,25.0,28.9,31.7,21.1,24.45,26.35,0.0,0.0,21.1,0.0,0.0,0.0,0.0,0.0,0.0
168,15.6,18.3,23.3,22.8,30.0,33.3,20.55,24.450000000000003,28.299999999999997,0.0,0.0,19.3,0.0,0.0,0.0,0.0,0.0,0.0
169,16.1,20.0,23.3,25.6,30.6,33.9,20.8,24.450000000000003,28.6,0.0,0.0,18.3,0.0,0.0,0.0,0.0,0.0,0.0
170,17.2,20.6,22.8,26.1,30.6,32.8,21.15,25.55,27.5,0.0,0.0,15.2,0.0,0.0,0.0,0.0,0.0,0.0
171,15.0,20.6,22.8,24.4,30.6,33.3,20.0,25.85,28.049999999999997,0.0,0.0,13.0,0.0,0.0,0.0,0.0,0.0,0.0
172,16.1,21.1,23.9,23.9,30.0,33.9,21.1,25.55,28.9,0.0,0.0,2.0,0.0,0.0,0.0,0.0,0.0,0.0
173,16.7,21.1,23.9,25.0,30.0,35.6,21.95,25.25,29.700000000000003,0.0,0.0,14.5,0.0,0.0,0.0,0.0,0.0,0.0
174,17.2,20.6,23.9,24.4,30.0,35.6,20.85,24.7,29.700000000000003,0.0,0.0,13.5,0.0,0.0,0.0,0.0,0.0,0.0
175,16.7,21.1,23.3,27.8,30.6,33.9,22.5,26.1,28.05,0.0,0.0,2.8,0.0,0.0,0.0,0.0,0.0,0.0
176,18.9,21.7,23.3,29.4,31.7,34.4,24.45,26.15,28.35,0.0,0.0,11.4,0.0,0.0,0.0,0.0,0.0,0.0
177,18.9,22.2,23.3,28.3,31.7,35.0,24.15,26.95,29.15,0.0,0.0,9.7,0.0,0.0,0.0,0.0,0.0,0.0
178,18.9,21.7,23.9,27.2,31.1,33.9,23.1,26.1,28.9,0.0,0.5,8.9,0.0,0.0,0.0,0.0,0.0,0.0
179,18.9,21.7,23.9,25.0,31.1,35.0,22.5,25.85,28.6,0.0,0.0,12.7,0.0,0.0,0.0,0.0,0.0,0.0
180,18.3,20.6,23.9,27.2,30.6,33.9,23.6,25.6,28.9,0.0,0.0,1.0,0.0,0.0,0.0,0.0,0.0,0.0
181,18.3,21.1,24.4,28.3,31.7,34.4,23.35,26.1,28.849999999999998,0.0,0.0,7.1,0.0,0.0,0.0,0.0,0.0,0.0
182,18.36,21.7,23.9,27.8,31.1,33.9,23.105,26.4,28.87,0.0,0.5,16.37,0.0,0.0,0.0,0.0,0.0,0.0
183,18.36,21.1,23.9,26.7,30.85,35.0,22.525,26.675,30.160000000000004,0.0,0.0,6.820000000000006,0.0,0.0,0.0,0.0,0.0,0.0
184,17.259999999999998,21.65,23.9,25.71,31.4,36.1,22.255,27.075000000000003,30.295,0.0,0.0,13.06000000000001,0.0,0.0,0.0,0.0,0.0,0.0
185,19.459999999999997,22.2,24.94,28.36,31.7,34.4,23.655,26.7,30.27,0.0,0.0,8.800000000000002,0.0,0.0,0.0,0.0,0.0,0.0
186,19.52,22.8,25.0,28.9,31.650000000000002,36.470000000000006,24.435,27.075,30.0,0.0,0.0,6.670000000000005,0.0,0.0,0.0,0.0,0.0,0.0
187,18.3,23.05,25.990000000000002,28.9,31.950000000000003,36.59,24.18,27.625,31.725000000000005,0.0,0.0,15.04000000000001,0.0,0.0,0.0,0.0,0.0,0.0
188,19.4,22.8,25.990000000000002,27.85,32.2,34.94,23.924999999999997,27.5,30.17,0.0,0.0,12.000000000000009,0.0,0.0,0.0,0.0,0.0,0.0
189,18.9,22.2,25.0,27.2,32.5,35.54,23.049999999999997,27.225,29.675,0.0,0.4,21.370000000000005,0.0,0.0,0.0,0.0,0.0,0.0
190,18.36,22.8,24.35,28.36,31.4,36.470000000000006,23.625,26.950000000000003,29.75,0.0,0.15,14.870000000000003,0.0,0.0,0.0,0.0,0.0,0.0
191,20.0,21.95,24.35,28.3,31.1,33.3,24.205,26.525,28.599999999999998,0.0,0.0,26.060000000000016,0.0,0.0,0.0,0.0,0.0,0.0
192,18.36,21.7,23.9,28.36,31.4,33.839999999999996,23.36,27.075000000000003,29.095,0.0,0.0,2.100000000000004,0.0,0.0,0.0,0.0,0.0,0.0
193,18.36,22.2,24.94,27.31,31.549999999999997,33.3,22.75,26.825000000000003,28.845,0.0,0.0,11.100000000000001,0.0,0.0,0.0,0.0,0.0,0.0
194,19.4,22.8,24.4,27.8,31.4,34.4,23.924999999999997,27.200000000000003,29.4,0.0,0.0,13.990000000000014,0.0,0.0,0.0,0.0,0.0,0.0
195,18.9,22.8,24.35,27.96,31.7,36.64,23.655,27.1,30.215000000000003,0.0,0.0,18.00000000000001,0.0,0.0,0.0,0.0,0.0,0.0
196,18.36,22.5,24.4,28.9,32.2,35.6,24.225,27.225,29.975,0.0,0.0,1.7700000000000007,0.0,0.0,0.0,0.0,0.0,0.0
197,19.459999999999997,22.8,25.480000000000004,30.06,32.5,36.59,24.75,27.775,30.55,0.0,0.0,5.450000000000007,0.0,0.0,0.0,0.0,0.0,0.0
198,20.650000000000002,23.05,25.0,29.4,33.3,36.050000000000004,25.025,28.049999999999997,30.494999999999997,0.0,0.0,6.550000000000001,0.0,0.0,0.0,0.0,0.0,0.0
199,20.11,23.6,26.050000000000004,28.36,32.5,36.64,24.235,28.475,30.525000000000002,0.0,0.0,5.550000000000001,0.0,0.0,0.0,0.0,0.0,0.0
200,20.650000000000002,23.05,26.1,28.3,33.05,36.1,24.235,28.049999999999997,31.075000000000003,0.0,0.0,11.600000000000001,0.0,0.0,0.0,0.0,0.0,0.0
201,19.4,23.05,26.050000000000004,27.91,31.7,36.050000000000004,24.450000000000003,27.65,31.315000000000005,0.0,0.0,0.4800000000000004,0.0,0.0,0.0,0.0,0.0,0.0
202,18.36,23.05,26.1,27.91,32.8,36.050000000000004,22.555,27.775,30.52,0.0,0.0,11.230000000000004,0.0,0.0,0.0,0.0,0.0,0.0
203,19.459999999999997,23.05,24.4,27.85,31.7,35.6,23.6,27.200000000000003,29.97,0.0,0.0,18.34000000000001,0.0,0.0,0.0,0.0,0.0,0.0
204,19.459999999999997,22.2,25.0,27.85,31.1,36.64,23.130000000000003,26.65,30.795,0.0,0.0,21.310000000000016,0.0,0.0,0.0,0.0,0.0,0.0
205,18.95,22.5,24.4,28.3,30.6,35.0,23.655,26.25,29.45,0.0,0.0,8.55,0.0,0.0,0.0,0.0,0.0,0.0
206,18.3,22.2,23.9,27.8,31.1,36.42000000000001,23.130000000000003,26.65,29.75,0.0,0.0,14.790000000000019,0.0,0.0,0.0,0.0,0.0,0.0
207,19.4,21.95,24.94,26.81,31.7,35.99,24.18,26.799999999999997,30.240000000000002,0.0,0.0,14.600000000000001,0.0,0.0,0.0,0.0,0.0,0.0
208,19.459999999999997,22.8,25.540000000000003,28.470000000000002,32.2,35.6,24.7,27.5,30.495,0.0,0.0,17.310000000000024,0.0,0.0,0.0,0.0,0.0,0.0
209,20.6,22.5,25.540000000000003,28.95,33.3,36.050000000000004,24.535,27.9,30.294999999999998,0.0,0.0,10.95000000000001,0.0,0.0,0.0,0.0,0.0,0.0
210,20.0,23.3,25.540000000000003,25.6,32.5,35.99,23.375,27.5,29.970000000000002,0.0,0.0,12.17,0.0,0.0,0.0,0.0,0.0,0.0
211,18.9,23.3,25.6,26.7,31.1,35.0,23.35,27.200000000000003,30.0,0.0,0.0,12.54000000000001,0.0,0.0,0.0,0.0,0.0,0.0
212,19.4,22.2,25.0,27.8,31.7,35.0,24.450000000000003,26.1,30.0,0.0,0.0,6.540000000000008,0.0,0.0,0.0,0.0,0.0,0.0
213,19.4,22.2,24.4,27.259999999999998,31.7,36.64,23.630000000000003,26.825000000000003,30.720000000000002,0.0,0.0,8.650000000000006,0.0,0.0,0.0,0.0,0.0,0.0
214,18.9,22.8,24.35,28.9,31.650000000000002,36.59,23.9,27.225,30.0,0.0,0.0,5.400000000000008,0.0,0.0,0.0,0.0,0.0,0.0
215,19.4,22.2,24.35,27.85,30.6,35.54,23.9,26.65,29.665000000000003,0.0,0.0,7.820000000000002,0.0,0.0,0.0,0.0,0.0,0.0
216,20.0,22.8,25.0,28.3,31.950000000000003,35.6,24.154999999999998,27.200000000000003,30.0,0.0,0.0,6.490000000000009,0.0,0.0,0.0,0.0,0.0,0.0
217,18.9,22.5,23.9,27.259999999999998,31.7,35.6,23.400000000000002,27.075,29.695,0.0,0.0,8.960000000000015,0.0,0.0,0.0,0.0,0.0,0.0
218,18.95,22.2,24.35,26.16,30.85,33.9,22.060000000000002,26.65,29.095,0.0,0.0,11.270000000000008,0.0,0.0,0.0,0.0,0.0,0.0
219,17.85,21.7,24.94,25.650000000000002,30.85,34.35,22.53,26.275,28.87,0.0,0.0,19.790000000000006,0.0,0.0,0.0,0.0,0.0,0.0
220,17.31,22.2,24.94,27.31,30.6,34.4,23.13,26.675,29.715,0.0,0.0,0.4800000000000004,0.0,0.0,0.0,0.0,0.0,0.0
221,18.3,22.2,25.0,26.75,31.1,35.0,23.35,26.674999999999997,29.745,0.0,0.0,2.4300000000000015,0.0,0.0,0.0,0.0,0.0,0.0
222,18.3,22.2,24.35,28.3,31.1,34.94,23.855,26.4,29.89,0.0,0.0,10.830000000000002,0.0,0.0,0.0,0.0,0.0,0.0
223,19.4,21.95,24.290000000000003,28.41,31.4,35.480000000000004,23.965,26.7,29.140000000000004,0.0,0.0,7.990000000000013,0.0,0.0,0.0,0.0,0.0,0.0
224,17.96,22.5,23.9,27.31,31.1,35.0,23.9,26.950000000000003,29.42,0.0,0.0,23.730000000000025,0.0,0.0,0.0,0.0,0.0,0.0
225,18.36,22.5,25.0,26.81,30.3,35.54,23.35,26.65,30.525000000000002,0.0,0.0,5.78,0.0,0.0,0.0,0.0,0.0,0.0
226,17.8,21.4,24.94,26.919999999999998,30.85,34.94,23.6,26.0,29.89,0.0,0.0,14.520000000000014,0.0,0.0,0.0,0.0,0.0,0.0
227,17.91,22.2,24.4,26.7,30.3,33.839999999999996,22.635,26.1,29.125,0.0,0.0,5.28,0.0,0.0,0.0,0.0,0.0,0.0
228,18.9,21.7,23.9,27.8,31.7,34.94,23.855,26.65,29.419999999999998,0.0,0.0,12.21000000000002,0.0,0.0,0.0,0.0,0.0,0.0
229,18.9,22.2,24.4,27.31,31.7,35.6,23.6,26.950000000000003,30.225,0.0,0.0,8.070000000000007,0.0,0.0,0.0,0.0,0.0,0.0
230,20.0,21.7,24.94,27.259999999999998,30.6,35.0,23.93,25.700000000000003,29.65,0.0,0.0,8.670000000000009,0.0,0.0,0.0,0.0,0.0,0.0
231,18.36,21.7,24.35,25.06,30.85,33.3,21.424999999999997,26.125,28.794999999999998,0.0,0.0,6.540000000000008,0.0,0.0,0.0,0.0,0.0,0.0
232,17.8,20.85,23.3,24.74,30.0,33.3,20.875,25.549999999999997,28.799999999999997,0.0,0.0,8.850000000000005,0.0,0.0,0.0,0.0,0.0,0.0
233,18.3,21.15,23.84,26.16,30.3,33.839999999999996,21.295,25.15,28.05,0.0,0.0,14.190000000000017,0.0,0.0,0.0,0.0,0.0,0.0
234,17.259999999999998,21.1,23.84,27.259999999999998,30.0,34.29,21.54,25.825,28.544999999999998,0.0,0.0,3.500000000000006,0.0,0.0,0.0,0.0,0.0,0.0
235,17.259999999999998,20.0,22.8,26.1,29.4,32.74,22.5,24.6,28.32,0.0,0.0,4.960000000000004,0.0,0.0,0.0,0.0,0.0,0.0
236,17.8,20.6,22.740000000000002,27.2,30.0,33.25,22.5,25.299999999999997,27.77,0.0,0.0,1.750000000000001,0.0,0.0,0.0,0.0,0.0,0.0
237,18.3,20.3,23.25,27.259999999999998,29.7,33.9,22.849999999999998,25.0,28.575000000000003,0.0,0.0,11.330000000000002,0.0,0.0,0.0,0.0,0.0,0.0
238,18.3,20.6,23.9,27.8,30.6,33.3,22.78,25.3,28.575,0.0,0.0,13.940000000000015,0.0,0.0,0.0,0.0,0.0,0.0
239,18.9,21.95,23.9,26.16,30.6,33.3,22.53,25.875,28.575000000000003,0.0,0.0,6.500000000000002,0.0,0.0,0.0,0.0,0.0,0.0
240,18.36,21.7,23.9,25.650000000000002,30.6,33.9,22.555,25.975,29.12,0.0,0.0,11.67000000000001,0.0,0.0,0.0,0.0,0.0,0.0
241,18.36,21.4,23.84,25.76,30.6,34.35,23.12,25.700000000000003,28.845,0.0,0.0,9.66000000000001,0.0,0.0,0.0,0.0,0.0,0.0
242,16.75,21.7,23.3,24.52,30.0,33.839999999999996,20.634999999999998,25.575000000000003,29.07,0.0,0.0,1.950000000000001,0.0,0.0,0.0,0.0,0.0,0.0
243,17.8,21.1,23.3,24.4,30.0,34.4,21.1,25.25,28.35,0.0,0.0,6.9,0.0,0.0,0.0,0.0,0.0,0.0
244,16.1,20.0,23.9,24.4,29.4,35.0,20.0,25.0,28.9,0.0,0.0,21.6,0.0,0.0,0.0,0.0,0.0,0.0
245,15.6,19.4,23.3,25.0,28.9,33.3,20.85,25.0,28.049999999999997,0.0,0.0,4.8,0.0,0.0,0.0,0.0,0.0,0.0
246,16.1,20.0,23.9,26.7,28.9,33.9,21.4,24.450000000000003,28.35,0.0,0.0,2.5,0.0,0.0,0.0,0.0,0.0,0.0
247,16.7,21.1,23.9,25.6,30.6,35.0,21.950000000000003,25.25,28.9,0.0,0.0,3.0,0.0,0.0,0.0,0.0,0.0,0.0
248,16.1,19.4,24.4,25.6,29.4,32.8,20.549999999999997,24.700000000000003,28.900000000000002,0.0,0.0,9.4,0.0,0.0,0.0,0.0,0.0,0.0
249,15.6,18.3,23.3,24.4,28.3,34.4,19.7,23.65,28.049999999999997,0.0,0.0,26.9,0.0,0.0,0.0,0.0,0.0,0.0
250,15.6,18.9,22.8,25.0,28.9,34.4,20.6,23.6,27.5,0.0,0.0,6.4,0.0,0.0,0.0,0.0,0.0,0.0
251,15.0,19.4,22.2,24.4,28.9,33.3,19.7,23.9,27.75,0.0,0.0,9.4,0.0,0.0,0.0,0.0,0.0,0.0
252,13.9,19.4,22.2,23.3,27.8,32.2,19.15,23.9,26.1,0.0,0.0,16.3,0.0,0.0,0.0,0.0,0.0,0.0
253,15.0,20.0,22.8,23.9,28.3,32.2,20.0,24.15,26.7,0.0,0.0,5.1,0.0,0.0,0.0,0.0,0.0,0.0
254,13.9,18.3,22.2,24.4,27.2,31.7,19.450000000000003,23.05,26.7,0.0,0.0,1.0,0.0,0.0,0.0,0.0,0.0,0.0
255,16.1,18.3,21.7,23.3,27.2,31.1,20.3,22.799999999999997,26.4,0.0,0.0,4.1,0.0,0.0,0.0,0.0,0.0,0.0
256,15.6,17.2,21.7,24.4,28.3,32.2,20.85,23.049999999999997,26.4,0.0,0.0,3.0,0.0,0.0,0.0,0.0,0.0,0.0
257,13.3,18.9,22.2,23.3,27.8,32.8,18.3,23.299999999999997,27.200000000000003,0.0,0.0,3.8,0.0,0.0,0.0,0.0,0.0,0.0
258,12.8,17.8,22.2,21.7,27.8,32.2,18.6,23.05,27.200000000000003,0.0,0.0,4.3,0.0,0.0,0.0,0.0,0.0,0.0
259,11.7,17.2,21.1,20.0,25.6,32.2,17.5,21.4,26.349999999999998,0.0,0.0,17.0,0.0,0.0,0.0,0.0,0.0,0.0
260,12.2,17.2,21.7,21.7,26.1,30.0,17.2,21.1,24.7,0.0,0.0,9.9,0.0,0.0,0.0,0.0,0.0,0.0
261,12.8,17.8,21.1,22.8,26.7,29.4,17.5,22.200000000000003,25.0,0.0,0.0,8.4,0.0,0.0,0.0,0.0,0.0,0.0
262,13.3,16.1,20.6,21.1,26.1,30.6,18.05,22.2,25.25,0.0,0.0,0.0,0.0,0.0,0.0,0.0,0.0,0.0
263,12.8,17.8,20.6,22.2,26.7,30.0,18.049999999999997,21.950000000000003,25.0,0.0,0.0,0.0,0.0,0.0,0.0,0.0,0.0,0.0
264,12.2,17.8,20.6,21.1,26.7,31.1,17.200000000000003,22.25,25.25,0.0,0.0,5.8,0.0,0.0,0.0,0.0,0.0,0.0
265,11.7,17.8,21.1,22.8,26.7,30.6,16.4,22.5,25.3,0.0,0.0,16.0,0.0,0.0,0.0,0.0,0.0,0.0
266,12.2,16.1,21.1,20.6,25.0,32.2,16.65,20.549999999999997,26.15,0.0,0.0,24.6,0.0,0.0,0.0,0.0,0.0,0.0
267,11.1,16.1,20.0,20.6,23.9,28.9,16.7,19.700000000000003,24.700000000000003,0.0,0.0,7.4,0.0,0.0,0.0,0.0,0.0,0.0
268,11.7,16.1,20.6,20.0,25.0,28.9,16.95,20.0,23.9,0.0,0.0,7.9,0.0,0.0,0.0,0.0,0.0,0.0
269,12.8,16.7,20.6,18.3,25.0,30.0,15.85,20.6,25.3,0.0,0.0,14.5,0.0,0.0,0.0,0.0,0.0,0.0
270,12.2,16.7,20.6,22.8,25.6,29.4,18.6,21.65,24.700000000000003,0.0,0.0,6.9,0.0,0.0,0.0,0.0,0.0,0.0
271,12.8,17.2,20.0,21.7,26.7,28.9,16.950000000000003,21.65,23.85,0.0,0.0,16.5,0.0,0.0,0.0,0.0,0.0,0.0
272,12.2,14.4,18.9,20.0,23.3,26.7,15.549999999999999,19.45,21.95,0.0,0.0,8.9,0.0,0.0,0.0,0.0,0.0,0.0
273,10.0,13.9,19.4,18.9,23.3,26.1,15.0,18.85,21.9,0.0,0.0,8.1,0.0,0.0,0.0,0.0,0.0,0.0
274,10.6,13.3,17.740000000000002,17.91,23.3,27.8,15.55,18.299999999999997,22.245,0.0,0.0,7.240000000000004,0.0,0.0,0.0,0.0,0.0,0.0
275,9.01,13.3,18.3,16.86,23.3,29.35,12.67,19.424999999999997,23.84,0.0,0.0,10.800000000000002,0.0,0.0,0.0,0.0,0.0,0.0
276,8.950000000000001,14.4,19.94,15.39,25.3,29.89,12.285,20.425,24.42,0.0,0.0,2.1700000000000026,0.0,0.0,0.0,0.0,0.0,0.0
277,9.46,14.4,19.94,14.01,24.4,28.9,12.205,19.325000000000003,24.745,0.0,0.0,3.320000000000006,0.0,0.0,0.0,0.0,0.0,0.0
278,8.360000000000001,14.15,19.35,17.85,24.15,28.3,13.6,19.15,23.87,0.0,0.0,0.45000000000000107,0.0,0.0,0.0,0.0,0.0,0.0
279,9.4,13.600000000000001,20.0,19.009999999999998,23.35,28.3,13.700000000000001,18.875,24.140000000000004,0.0,0.0,0.7700000000000007,0.0,0.0,0.0,0.0,0.0,0.0
280,8.41,13.600000000000001,18.84,15.6,24.45,28.9,11.905000000000001,19.725,23.770000000000003,0.0,0.0,2.700000000000002,0.0,0.0,0.0,0.0,0.0,0.0
281,7.8,12.8,18.84,16.7,21.7,28.3,12.33,17.799999999999997,22.700000000000003,0.0,0.0,5.990000000000009,0.0,0.0,0.0,0.0,0.0,0.0
282,7.91,12.2,18.3,17.259999999999998,22.25,29.290000000000003,13.35,17.375,23.515000000000004,0.0,0.0,3.200000000000002,0.0,0.0,0.0,0.0,0.0,0.0
283,7.420000000000001,13.05,18.19,16.86,21.7,28.25,14.149999999999999,17.375,23.10000000000001,0.0,0.0,1.9000000000000021,0.0,0.0,0.0,0.0,0.0,0.0
284,7.85,12.8,18.25,17.259999999999998,21.7,25.540000000000003,13.925,17.5,19.975,0.0,0.0,16.590000000000014,0.0,0.0,0.0,0.0,0.0,0.0
285,7.8,11.95,17.15,18.36,22.2,25.6,13.66,16.950000000000003,19.945,0.0,0.0,5.370000000000009,0.0,0.0,0.0,0.0,0.0,0.0
286,7.85,12.8,15.540000000000001,16.75,21.95,26.050000000000004,13.05,16.950000000000003,20.3,0.0,0.0,2.950000000000001,0.0,0.0,0.0,0.0,0.0,0.0
287,7.91,11.7,16.05,15.65,21.4,27.090000000000003,11.754999999999999,16.525,20.775000000000002,0.0,0.0,11.070000000000007,0.0,0.0,0.0,0.0,0.0,0.0
288,6.7,10.0,15.990000000000004,15.709999999999999,20.85,26.7,11.23,15.85,21.290000000000003,0.0,0.0,5.230000000000001,0.0,0.0,0.0,0.0,0.0,0.0
289,7.2,10.6,14.4,17.2,20.0,24.89,11.975,15.274999999999999,19.97,0.0,0.0,7.350000000000005,0.0,0.0,0.0,0.0,0.0,0.0
290,6.1,10.0,14.940000000000001,15.6,18.6,24.94,11.43,14.175,20.580000000000005,0.0,0.0,2.7800000000000047,0.0,0.0,0.0,0.0,0.0,0.0
291,4.4,8.9,13.9,15.0,20.0,26.1,10.0,14.45,19.15,0.0,0.0,0.3,0.0,0.0,0.0,0.0,0.0,0.0
292,5.6,9.4,15.0,14.4,20.0,24.4,10.55,15.549999999999999,19.15,0.0,0.0,6.820000000000002,0.0,0.0,0.0,0.0,0.0,0.0
293,6.7,10.6,13.3,15.0,20.0,25.0,11.4,15.25,18.85,0.0,0.0,5.28,0.0,0.0,0.0,0.0,0.0,0.0
294,6.7,9.4,12.8,16.1,21.1,25.6,11.95,15.25,18.9,0.0,0.0,5.600000000000004,0.0,0.0,0.0,0.0,0.0,0.0
295,5.6,9.7,12.8,13.9,18.3,25.990000000000002,9.535,13.875,19.365000000000006,0.0,0.0,4.270000000000007,0.0,0.0,0.0,0.0,0.0,0.0
296,4.4,7.8,13.250000000000002,12.96,19.4,25.6,8.63,13.75,19.595000000000006,0.0,0.0,0.7700000000000007,0.0,0.0,0.0,0.0,0.0,0.0
297,5.06,8.3,14.350000000000001,12.37,19.7,24.240000000000002,8.899999999999999,14.149999999999999,18.57,0.0,0.0,9.510000000000014,0.0,0.0,0.0,0.0,0.0,0.0
298,4.4,9.4,14.4,13.360000000000001,17.8,24.290000000000003,8.71,13.600000000000001,19.055000000000003,0.0,0.0,15.18,0.0,0.0,0.0,0.0,0.0,0.0
299,5.06,9.15,14.940000000000001,13.950000000000001,18.05,22.740000000000002,9.729999999999999,13.325,18.565,0.0,0.0,11.070000000000007,0.0,0.0,0.0,0.0,0.0,0.0
300,6.1,8.850000000000001,14.940000000000001,13.360000000000001,18.6,23.25,10.8,13.6,18.275000000000002,0.0,0.0,32.19,0.0,0.0,0.0,0.0,0.0,0.0
301,5.0,8.850000000000001,13.840000000000002,11.7,17.8,22.8,8.12,13.2,18.87,0.0,0.0,6.550000000000001,0.0,0.0,0.0,0.0,0.0,0.0
302,2.8499999999999996,7.8,13.3,11.809999999999999,16.7,21.050000000000004,7.825,12.5,15.820000000000002,0.0,0.0,28.74000000000001,0.0,0.0,0.0,0.0,0.0,0.0
303,3.9,6.1,13.730000000000004,12.26,18.3,25.26000000000001,7.275,12.075,18.84,0.0,0.0,7.770000000000003,0.0,0.0,0.0,0.0,0.0,0.0
304,3.9,8.3,13.3,12.8,18.9,22.8,8.9,13.35,18.05,0.0,0.0,0.3,0.0,0.0,0.0,0.0,0.0,0.0
305,5.0,8.9,13.9,12.2,17.8,24.4,8.899999999999999,13.3,19.15,0.0,0.0,8.4,0.0,0.0,0.0,0.0,0.0,0.0
306,3.3,7.8,12.8,11.7,16.7,22.8,7.199999999999999,12.25,18.05,0.0,0.0,4.6,0.0,0.0,0.0,0.0,0.0,0.0
307,3.3,6.7,13.3,11.1,17.8,22.8,7.5,12.200000000000001,18.05,0.0,0.0,0.8,0.0,0.0,0.0,0.0,0.0,0.0
308,2.2,6.7,10.6,11.1,15.0,21.7,7.25,10.85,15.3,0.0,0.0,1.8,0.0,0.0,0.0,0.0,0.0,0.0
309,1.7,6.7,12.8,10.6,16.7,23.9,6.65,11.149999999999999,18.3,0.0,0.0,3.8,0.0,0.0,0.0,0.0,0.0,0.0
310,2.2,7.8,15.6,11.1,16.1,25.0,7.5,11.4,18.6,0.0,0.0,3.3,0.0,0.0,0.0,0.0,0.0,0.0
311,3.3,6.7,13.3,10.6,17.2,23.3,7.25,11.4,18.05,0.0,0.0,6.9,0.0,0.0,0.0,0.0,0.0,0.0
312,2.2,6.1,12.2,9.4,16.7,22.2,6.65,12.5,16.35,0.0,0.0,2.8,0.0,0.0,0.0,0.0,0.0,0.0
313,1.1,6.7,10.6,8.9,16.1,21.7,6.1,11.7,16.1,0.0,0.0,4.8,0.0,0.0,0.0,0.0,0.0,0.0
314,0.6,5.6,10.6,10.0,17.2,22.8,5.85,11.95,16.1,0.0,0.0,4.3,0.0,0.0,0.0,0.0,0.0,0.0
315,0.6,6.1,13.3,8.9,16.1,21.7,4.2,11.399999999999999,17.200000000000003,0.0,0.0,16.3,0.0,0.0,0.0,0.0,0.0,0.0
316,0.0,5.6,10.0,10.0,13.9,20.0,5.85,8.9,14.149999999999999,0.0,0.0,17.0,0.0,0.0,0.0,0.0,0.0,0.0
317,0.0,4.4,9.4,5.0,12.8,18.3,3.6,8.850000000000001,13.05,0.0,0.0,8.6,0.0,0.0,0.0,0.0,0.0,0.0
318,0.6,3.3,11.1,5.6,13.3,18.9,3.35,8.6,15.0,0.0,0.0,4.6,0.0,0.0,0.0,0.0,0.0,0.0
319,0.0,5.0,9.4,8.3,15.0,21.7,4.15,10.0,15.8,0.0,0.0,18.8,0.0,0.0,0.0,0.0,0.0,0.0
320,-0.6,5.0,10.0,8.3,12.8,21.1,5.0,10.0,15.549999999999999,0.0,0.0,12.2,0.0,0.0,0.0,0.0,0.0,0.0
321,-0.6,4.4,8.3,8.3,12.8,18.3,5.0,8.35,13.05,0.0,0.0,0.3,0.0,0.0,0.0,0.0,0.0,0.0
322,-1.0,3.9,7.8,7.2,12.8,21.1,3.3000000000000003,8.05,13.05,0.0,0.0,2.0,0.0,0.0,0.0,0.0,0.0,0.0
323,-1.7,3.9,11.1,8.3,12.8,18.3,4.15,8.05,13.899999999999999,0.0,0.0,3.3,0.0,0.0,0.0,0.0,0.0,0.0
324,0.6,3.9,9.4,8.3,13.9,18.9,5.0,8.6,14.15,0.0,0.0,0.8,0.0,0.0,0.0,0.0,0.0,0.0
325,-1.6,3.9,8.3,6.1,12.8,17.8,3.1,8.35,13.9,0.0,0.0,1.8,0.0,0.0,0.0,0.0,0.0,0.0
326,-1.6,3.3,10.0,6.1,13.3,17.2,2.5,8.65,13.049999999999999,0.0,0.0,4.6,0.0,0.0,0.0,0.0,0.0,0.0
327,-2.1,2.2,7.2,5.0,11.7,17.8,1.4,8.35,12.5,0.0,0.0,7.1,0.0,0.0,0.0,0.0,0.0,0.0
328,-1.1,3.3,8.9,6.7,13.3,18.3,3.3499999999999996,8.3,12.5,0.0,0.0,7.1,0.0,0.0,0.0,0.0,0.0,0.0
329,-1.1,3.3,8.3,7.2,13.9,17.8,3.3499999999999996,8.6,12.5,0.0,0.0,4.3,0.0,0.0,0.0,0.0,0.0,0.0
330,0.0,4.4,9.4,8.9,13.9,19.4,4.75,9.45,14.7,0.0,0.3,12.2,0.0,0.0,0.0,0.0,0.0,0.0
331,-0.5,4.4,7.8,7.2,13.3,17.2,3.85,8.850000000000001,12.25,0.0,0.0,0.8,0.0,0.0,0.0,0.0,0.0,0.0
332,-2.1,3.9,8.3,5.0,13.3,18.9,1.9999999999999998,9.149999999999999,13.600000000000001,0.0,0.0,4.3,0.0,0.0,0.0,0.0,0.0,0.0
333,-1.6,1.7,8.9,6.7,11.1,18.9,2.55,6.4,13.350000000000001,0.0,0.0,4.3,0.0,0.0,0.0,0.0,0.0,0.0
334,-0.6,3.3,8.9,5.6,11.1,18.9,2.25,6.4,13.600000000000001,0.0,0.0,8.1,0.0,0.0,0.0,0.0,0.0,0.0
335,-0.8999999999999999,2.8,7.740000000000001,7.2,10.6,19.4,3.905,6.949999999999999,13.245000000000001,0.0,0.0,12.370000000000006,0.0,0.0,0.0,0.0,0.0,0.0
336,-1.63,2.2,6.7,6.1,10.0,15.0,2.78,5.975,10.720000000000002,0.0,0.0,10.520000000000008,0.0,0.0,0.0,0.0,0.0,0.0
337,-2.2,1.4,6.7,5.6499999999999995,11.399999999999999,16.7,0.775,7.1,12.15,0.0,0.0,1.250000000000001,0.0,0.0,0.0,0.0,0.0,0.0
338,-2.6,2.5,7.740000000000001,5.6499999999999995,10.0,19.61000000000001,1.735,6.275,12.670000000000002,0.0,0.0,1.4800000000000004,0.0,0.0,0.0,0.0,0.0,0.0
339,-2.2,0.8500000000000001,8.730000000000004,3.41,9.15,19.720000000000006,1.1,5.15,14.145000000000007,0.0,0.0,17.070000000000004,0.0,0.0,2.8,0.0,0.0,0.0
340,-3.1799999999999997,1.4,7.690000000000002,1.75,8.05,17.580000000000005,-0.7499999999999999,5.0,13.410000000000005,0.0,0.0,12.65,0.0,0.0,0.0,0.0,0.0,30.100000000000072
341,-3.25,0.6,8.45000000000001,2.8499999999999996,7.2,15.6,0.025000000000000022,4.15,11.675000000000004,0.0,0.0,3.9200000000000035,0.0,0.0,0.0,0.0,0.0,25.0
342,-3.3,1.7,6.6400000000000015,1.81,8.05,14.940000000000001,-0.25,4.45,10.82,0.0,0.0,7.170000000000009,0.0,0.0,0.0,0.0,0.0,0.0
343,-3.25,0.6,4.890000000000002,2.8499999999999996,7.75,13.140000000000004,-0.16999999999999993,4.575,8.8,0.0,0.15,17.430000000000003,0.0,0.0,0.3,0.0,0.0,2.5000000000000355
344,-3.16,0.6,6.050000000000001,3.9,10.0,17.040000000000003,0.26,5.15,10.55,0.0,0.0,6.970000000000002,0.0,0.0,0.0,0.0,0.0,0.0
345,-3.16,1.7,5.540000000000001,5.6,9.15,17.2,1.255,5.975,10.410000000000004,0.0,0.0,18.380000000000017,0.0,0.0,0.0,0.0,0.0,0.0
346,-2.6500000000000004,1.1,5.0,4.46,8.600000000000001,13.3,1.1600000000000001,5.25,9.045000000000002,0.0,0.0,1.2000000000000022,0.0,0.0,0.0,0.0,0.0,0.0
347,-3.8899999999999997,0.3,6.7,2.8499999999999996,8.05,12.740000000000002,-1.0050000000000001,4.725,9.45,0.0,0.0,10.850000000000001,0.0,0.0,0.0,0.0,0.0,0.0
348,-2.6550000000000002,0.8500000000000001,4.940000000000001,3.3,8.05,14.890000000000002,0.58,4.725,8.590000000000002,0.0,0.0,16.740000000000013,0.0,0.0,0.0,0.0,0.0,0.0
349,-3.9,1.1,5.6,1.3200000000000003,10.0,17.090000000000003,-1.92,5.85,10.825000000000001,0.0,0.0,8.220000000000004,0.0,0.0,0.0,0.0,0.0,0.0
350,-5.4799999999999995,1.7,6.1,2.91,9.15,14.350000000000001,-0.3999999999999995,6.075000000000001,9.395000000000001,0.0,0.0,14.870000000000006,0.0,0.0,0.0,0.0,0.0,0.0
351,-2.7399999999999998,0.6,6.7,3.95,10.0,15.480000000000002,0.6400000000000001,5.0,10.225000000000001,0.0,0.0,10.290000000000008,0.0,0.0,0.0,0.0,0.0,0.0
352,-2.8,0.0,5.990000000000002,3.3,7.5,14.350000000000001,-0.1449999999999999,4.449999999999999,10.690000000000001,0.0,0.0,2.7700000000000005,0.0,0.0,0.0,0.0,0.0,0.0
353,-3.9,-0.75,3.3,1.81,6.95,14.350000000000001,-1.045,3.4749999999999996,7.5,0.0,0.0,8.020000000000008,0.0,0.0,0.3,0.0,0.0,0.0
354,-5.93,-0.8,4.940000000000001,-0.4299999999999998,6.4,15.430000000000003,-2.5,2.9000000000000004,9.45,0.0,0.0,2.3000000000000043,0.0,0.0,0.0,0.0,0.0,0.0
355,-5.989999999999999,0.0,7.460000000000007,3.36,7.8,15.0,-1.0199999999999998,4.025,11.205000000000004,0.0,0.0,2.4300000000000015,0.0,0.0,0.0,0.0,0.0,0.0
356,-4.3500000000000005,0.6,7.5800000000000045,2.31,8.3,16.590000000000003,-0.6649999999999997,5.025,10.630000000000004,0.0,0.0,7.900000000000004,0.0,0.0,0.0,0.0,0.0,0.0
357,-6.63,0.55,6.7,2.2600000000000002,10.0,17.69,-1.6799999999999997,5.0249999999999995,11.67,0.0,0.0,7.320000000000002,0.0,0.0,0.0,0.0,0.0,0.0
358,-4.3500000000000005,1.4,5.480000000000002,1.2700000000000002,8.9,16.530000000000005,-1.0499999999999998,5.975,10.55,0.0,0.0,12.120000000000012,0.0,0.0,0.0,0.0,0.0,0.0
359,-5.39,-0.25,6.470000000000005,0.65,8.3,16.1,-2.395,3.75,11.780000000000005,0.0,0.0,11.92000000000001,0.0,0.0,0.0,0.0,0.0,0.0
360,-4.99,-0.25,6.050000000000001,1.1,6.95,12.740000000000002,-1.8949999999999998,3.2,9.340000000000002,0.0,0.0,2.7700000000000005,0.0,0.0,0.0,0.0,0.0,0.0
361,-4.4,1.7,5.430000000000003,1.81,8.600000000000001,15.540000000000001,-1.5099999999999998,5.25,10.440000000000003,0.0,0.0,5.96000000000001,0.0,0.0,0.0,0.0,0.0,0.0
362,-3.7899999999999996,1.7,6.5900000000000025,2.37,9.7,14.4,-0.4099999999999998,5.275,10.750000000000002,0.0,0.0,5.420000000000008,0.0,0.0,0.0,0.0,0.0,0.0
363,-2.2,1.4,7.150000000000001,4.4,10.3,15.480000000000002,1.905,6.525,10.195,0.0,0.0,8.350000000000005,0.0,0.0,0.0,0.0,0.0,0.0
364,-5.0,1.4,6.6400000000000015,0.8200000000000002,8.9,16.920000000000005,-2.095,5.3,11.015000000000002,0.0,0.0,3.550000000000005,0.0,0.0,0.0,0.0,0.0,0.0
365,-5.6,1.1,6.1,2.2,9.4,15.0,-1.6999999999999997,5.55,10.3,0.0,0.0,4.6,0.0,0.0,0.0,0.0,0.0,0.0
